species,latitude,longitude,country,date,elevation,NDVI,temperature_C
Gallotia,29.157438,-13.431705,Spain,2025-01-01T14:39:59Z,26.0,3072.0,22.6
Gallotia,27.679537,-15.497489,Spain,2025-01-01T12:06Z,,,
Gallotia,28.00998,-15.724582,Spain,2025-01-03T13:40:21Z,692.0,2255.0,19.9
Gallotia,28.117675,-15.758494,Spain,2025-01-03T13:42:13Z,,,
Gallotia,28.52567,-14.005438,Spain,2025-01-03T13:20Z,175.0,1127.0,22.5
Gallotia,28.460133,-17.850492,Spain,2025-01-04T14:17:40Z,8.0,,22.8
Gallotia,28.057256,-16.721884,Spain,2025-01-04T16:51Z,29.0,,23.3
Gallotia,28.75055,-13.822814,Spain,2025-01-04T13:08:17Z,19.0,1492.0,23.1
Gallotia,28.77221,-17.766391,Spain,2025-01-05T14:06:43Z,277.0,7002.0,20.9
Gallotia,28.812733,-17.779926,Spain,2025-01-06T14:42:50Z,150.0,7868.0,22.5
Gallotia,28.796327,-17.794371,Spain,2025-01-06T10:00:13Z,628.0,8808.0,20.9
Gallotia,28.164688,-14.221788,Spain,2025-01-07T10:22:55Z,22.0,,23.3
Gallotia,28.832665,-17.847842,Spain,2025-01-07T12:02:20Z,90.0,6031.0,19.3
Gallotia,28.739536,-17.745954,Spain,2025-01-08,427.0,5196.0,22.7
Gallotia,28.694252,-17.782625,Spain,2025-01-08T13:38:26Z,272.0,6136.0,22.4
Gallotia,28.263408,-16.588572,Spain,2025-01-08T12:59:46Z,2282.0,858.0,10.8
Gallotia,28.482938,-17.851508,Spain,2025-01-09T13:22:10Z,562.0,,22.8
Gallotia,28.186071,-14.168441,Spain,2025-01-09,107.0,1956.0,23.4
Gallotia,28.759934,-17.869424,Spain,2025-01-09T10:55:45Z,2277.0,2326.0,13.3
Gallotia,28.793523,-17.926415,Spain,2025-01-09T16:45:39Z,1096.0,7546.0,16.5
Gallotia,28.79194,-17.926741,Spain,2025-01-09T16:28:56Z,1131.0,6887.0,16.5
Gallotia,28.75995,-17.862379,Spain,2025-01-09T13:49:13Z,2255.0,5953.0,13.3
Gallotia,28.645191,-17.758273,Spain,2025-01-10T13:16:30Z,23.0,4932.0,
Gallotia,28.742397,-13.825887,Spain,2025-01-10T15:10:03Z,-6.0,1413.0,23.1
Gallotia,28.451458,-16.255092,Spain,2025-01-10T14:16:41Z,36.0,,21.8
Gallotia,28.135253,-15.664917,Spain,2025-01-10T13:14Z,143.0,3263.0,22.4
Gallotia,28.19228,-15.412659,Spain,2025-01-09T14:29Z,,,23.2
Gallotia,28.452295,-16.256355,Spain,2025-01-10,36.0,,21.8
Gallotia,28.388704,-14.099982,Spain,2025-01-10T12:43:43Z,204.0,1343.0,21.7
Gallotia,28.182927,-14.164875,Spain,2025-01-09T13:27:21Z,58.0,3191.0,23.4
Gallotia,28.693306,-17.899323,Spain,2025-01-12T14:25:05Z,320.0,4461.0,19.5
Gallotia,28.653634,-17.780667,Spain,2025-01-11T13:07Z,294.0,5982.0,22.6
Gallotia,28.737544,-13.821919,Spain,2025-01-13T13:45:26Z,3.0,,23.1
Gallotia,28.305292,-16.566895,Spain,2025-01-11T15:28:40Z,2062.0,2028.0,12.0
Gallotia,28.651517,-17.774161,Spain,2025-01-14T09:52Z,257.0,5785.0,22.6
Gallotia,27.952124,-15.562299,Spain,2025-01-12T14:55:33Z,1300.0,5229.0,13.9
Gallotia,28.569851,-16.158518,Spain,2025-01-17T14:51:01Z,485.0,6929.0,20.4
Gallotia,28.36693,-16.722095,Spain,2025-01-15T13:02:56Z,219.0,4483.0,19.1
Gallotia,28.227338,-16.637925,Spain,2025-01-19T15:25:45Z,2059.0,1674.0,11.1
Gallotia,28.227378,-16.637971,Spain,2025-01-19T15:21:06Z,2059.0,1674.0,11.1
Gallotia,28.644636,-17.811176,Spain,2025-01-17T16:24Z,810.0,8384.0,18.7
Gallotia,28.718479,-17.928218,Spain,2025-01-17T15:33Z,1142.0,5754.0,16.8
Gallotia,28.607059,-17.92319,Spain,2025-01-17T15:32Z,8.0,1373.0,24.1
Gallotia,28.653748,-17.834286,Spain,2025-01-17T15:24Z,945.0,7507.0,18.7
Gallotia,28.609991,-17.824059,Spain,2025-01-17T14:57Z,1405.0,8761.0,17.0
Gallotia,28.690815,-17.903294,Spain,2025-01-17T14:57Z,273.0,5316.0,19.5
Gallotia,28.742015,-17.979456,Spain,2025-01-17T14:55Z,585.0,4263.0,20.3
Gallotia,28.710609,-17.945134,Spain,2025-01-17T14:53Z,732.0,4861.0,21.0
Gallotia,28.730886,-17.984647,Spain,2025-01-17T14:52Z,104.0,,21.0
Gallotia,28.725085,-17.941387,Spain,2025-01-17T14:47Z,1175.0,4530.0,16.8
Gallotia,28.048689,-16.577707,Spain,2025-01-20T10:48:38Z,69.0,1789.0,24.5
Gallotia,28.398492,-16.555491,Spain,2025-01-17T11:21Z,180.0,2522.0,21.8
Gallotia,28.238529,-16.84506,Spain,2025-01-20T14:29:40Z,,,24.3
Gallotia,28.371372,-16.770113,Spain,2025-01-03T12:54Z,21.0,1875.0,19.7
Gallotia,28.371372,-16.770113,Spain,2025-01-03T12:56Z,21.0,1875.0,19.7
Gallotia,28.371188,-16.870567,Spain,2025-01-03T15:14Z,8.0,5432.0,21.4
Gallotia,28.361273,-16.89508,Spain,2025-01-20T13:42Z,296.0,4397.0,21.4
Gallotia,28.050751,-15.48377,Spain,2025-01-21T12:44:18Z,354.0,6925.0,20.0
Gallotia,28.738078,-13.818328,Spain,2025-01-23T12:28:37Z,4.0,,23.1
Gallotia,28.416878,-16.519357,Spain,2025-01-06T13:00Z,54.0,6080.0,22.8
Gallotia,28.417943,-16.51876,Spain,2025-01-06T13:08Z,36.0,1770.0,22.8
Gallotia,28.418944,-16.518252,Spain,2025-01-06T13:13Z,9.0,1770.0,22.8
Gallotia,28.009155,-16.664016,Spain,2025-01-23T12:38Z,2.0,2469.0,
Gallotia,27.742316,-15.563732,Spain,2025-01-23T13:42:17Z,,,24.2
Gallotia,28.269791,-16.642859,Spain,2025-01-25T14:40:54Z,3499.0,-258.0,7.0
Gallotia,28.361725,-16.814887,Spain,2025-01-25T11:13:19Z,127.0,5736.0,20.9
Gallotia,28.037011,-16.70005,Spain,2025-01-25T20:25:40Z,140.0,1966.0,24.3
Gallotia,28.375897,-16.808257,Spain,2025-01-26T12:56:18Z,17.0,3931.0,23.6
Gallotia,27.769615,-15.473208,Spain,2025-01-26T11:45:21Z,,,
Gallotia,28.372481,-16.769689,Spain,2025-01-07T14:37:05Z,12.0,1875.0,19.7
Gallotia,28.651931,-17.773367,Spain,2025-01-02T11:20Z,237.0,5789.0,22.6
Gallotia,28.651633,-17.774094,Spain,2025-01-10T09:59Z,257.0,5785.0,22.6
Gallotia,28.548929,-16.264989,Spain,2025-01-26T13:05:07Z,676.0,7755.0,19.2
Gallotia,28.554094,-16.263978,Spain,2025-01-26T13:54:58Z,639.0,7636.0,19.2
Gallotia,28.554053,-16.263964,Spain,2025-01-26T14:37:09Z,639.0,7636.0,19.2
Gallotia,28.201968,-17.253808,Spain,2025-01-27T11:46Z,21.0,2535.0,
Gallotia,28.301237,-16.371858,Spain,2025-01-23T13:38Z,28.0,3256.0,22.1
Gallotia,28.039278,-16.697832,Spain,2025-01-25T20:28Z,166.0,1801.0,24.3
Gallotia,28.55376,-16.265792,Spain,2025-01-26T13:03Z,637.0,7685.0,19.2
Gallotia,28.651764,-17.773917,Spain,2025-01-02T11:38Z,257.0,5785.0,22.6
Gallotia,28.526419,-16.280645,Spain,2025-01-25T11:13Z,837.0,6928.0,19.2
Gallotia,28.451762,-16.256516,Spain,2025-01-25T16:57Z,34.0,,21.8
Gallotia,28.312815,-16.370957,Spain,2025-01-26T12:59Z,107.0,2823.0,22.6
Gallotia,28.417843,-16.552691,Spain,2025-01-27T10:51Z,8.0,1254.0,
Gallotia,27.723272,-15.549529,Spain,2025-01-25T11:44:52Z,,,24.2
Gallotia,28.304575,-16.566422,Spain,2025-01-24T12:47Z,2060.0,1695.0,12.0
Gallotia,28.381058,-16.571424,Spain,2025-01-25T12:55Z,389.0,3464.0,21.8
Gallotia,28.299212,-16.372669,Spain,2025-01-23T16:32Z,16.0,,22.1
Gallotia,28.390834,-16.626749,Spain,2025-01-28T12:13:38Z,182.0,5976.0,21.7
Gallotia,28.365328,-16.887119,Spain,2025-01-26T15:32Z,28.0,,21.4
Gallotia,28.750956,-17.890975,Spain,2025-01-14T18:53Z,2322.0,4452.0,13.3
Gallotia,28.603022,-17.802945,Spain,2025-01-14T18:34Z,1039.0,8721.0,17.0
Gallotia,28.756086,-17.86732,Spain,2025-01-14T17:54Z,1877.0,2730.0,13.3
Gallotia,28.605373,-17.829328,Spain,2025-01-14T17:34Z,1467.0,8506.0,17.0
Gallotia,28.553198,-16.265135,Spain,2025-01-26T13:54:58Z,657.0,7685.0,19.2
Gallotia,28.568102,-16.308584,Spain,2025-01-26T10:50Z,72.0,6211.0,21.1
Gallotia,28.387595,-16.628565,Spain,2025-01-29T10:30Z,399.0,5969.0,21.7
Gallotia,28.416657,-16.529705,Spain,2025-01-11T10:49Z,69.0,5406.0,22.8
Gallotia,28.415804,-16.525001,Spain,2025-01-12T10:27Z,54.0,6085.0,22.8
Gallotia,28.342645,-16.856588,Spain,2025-01-26T09:51:21Z,624.0,6248.0,21.3
Gallotia,28.417056,-16.522627,Spain,2025-01-14T12:35Z,39.0,6085.0,22.8
Gallotia,28.416442,-16.531801,Spain,2025-01-16T14:41Z,79.0,2979.0,22.8
Gallotia,29.00285,-13.547044,Spain,2025-01-27T12:51:45Z,110.0,1212.0,22.2
Gallotia,28.9889,-13.817544,Spain,2025-01-28T13:04:07Z,86.0,944.0,22.4
Gallotia,29.039464,-13.734714,Spain,2025-01-31T14:39:04Z,284.0,1295.0,21.2
Gallotia,28.410562,-16.547919,Spain,2025-01-18T11:10Z,97.0,3952.0,21.8
Gallotia,28.414478,-16.532139,Spain,2025-01-25T11:58Z,93.0,3455.0,22.8
Gallotia,28.412767,-16.559116,Spain,2025-01-26T16:12Z,11.0,2561.0,
Gallotia,28.679306,-17.914372,Spain,2025-01-14T16:46Z,381.0,5163.0,20.5
Gallotia,28.615623,-17.941636,Spain,2025-01-14T16:45Z,,,24.1
Gallotia,28.415914,-16.528665,Spain,2025-01-27T11:53Z,80.0,5406.0,22.8
Gallotia,28.613223,-17.675128,Spain,2025-01-11T13:00Z,,,
Gallotia,28.410708,-16.548249,Spain,2025-01-31T14:45Z,98.0,3952.0,21.8
Gallotia,28.413911,-16.55853,Spain,2025-01-31T17:48Z,13.0,,
Gallotia,28.304497,-16.568782,Spain,2025-01-25T16:50Z,2061.0,1695.0,12.0
Gallotia,28.330404,-16.857133,Spain,2025-01-27T14:39Z,820.0,6994.0,20.1
Gallotia,27.629022,-15.584448,Spain,2025-01-28T12:47Z,,,
Gallotia,28.285227,-16.766104,Spain,2025-01-28T13:51Z,1448.0,6324.0,15.9
Gallotia,28.558624,-16.264923,Spain,2025-01-01,615.0,7211.0,20.1
Gallotia,28.04832,-16.578383,Spain,2025-01-02,69.0,921.0,24.5
Gallotia,28.037507,-16.548328,Spain,2025-01-02,9.0,1358.0,24.5
Gallotia,28.474967,-17.851853,Spain,2025-01-03,382.0,,22.8
Gallotia,28.472105,-16.446982,Spain,2025-01-03,103.0,4180.0,20.7
Gallotia,28.472103,-16.44693,Spain,2025-01-03,182.0,4180.0,20.7
Gallotia,28.472106,-16.44697,Spain,2025-01-03,182.0,4180.0,20.7
Gallotia,28.415778,-16.528635,Spain,2025-01-04,80.0,5406.0,22.8
Gallotia,28.026373,-16.703417,Spain,2025-01-04,0.0,882.0,24.3
Gallotia,28.026389,-16.703437,Spain,2025-01-04,0.0,882.0,24.3
Gallotia,28.027224,-16.704268,Spain,2025-01-04,3.0,1238.0,24.3
Gallotia,28.02807,-16.704408,Spain,2025-01-04,0.0,1238.0,24.3
Gallotia,28.028208,-16.704492,Spain,2025-01-04,0.0,1238.0,24.3
Gallotia,28.029187,-16.704388,Spain,2025-01-04,-1.0,,24.3
Gallotia,28.030246,-16.704162,Spain,2025-01-04,55.0,,24.3
Gallotia,28.031361,-16.705572,Spain,2025-01-04,89.0,,24.3
Gallotia,28.029735,-16.704738,Spain,2025-01-04,12.0,,24.3
Gallotia,28.376698,-16.626165,Spain,2025-01-05,628.0,7388.0,21.7
Gallotia,28.031667,-16.544444,Spain,2025-01-06,36.0,,24.5
Gallotia,28.401362,-16.580686,Spain,2025-01-06,109.0,4257.0,20.9
Gallotia,28.401357,-16.580687,Spain,2025-01-06,109.0,4257.0,20.9
Gallotia,28.411315,-16.547683,Spain,2025-01-06,94.0,3482.0,21.8
Gallotia,28.826742,-17.950862,Spain,2025-01-08,324.0,6348.0,22.2
Gallotia,27.737055,-15.602585,Spain,2025-01-08,1.0,,24.1
Gallotia,28.372225,-16.76545,Spain,2025-01-08,10.0,1739.0,19.7
Gallotia,27.744008,-15.596758,Spain,2025-01-08,9.0,3060.0,24.1
Gallotia,28.316278,-16.367472,Spain,2025-01-09,74.0,3173.0,22.6
Gallotia,28.57009,-16.320443,Spain,2025-01-09,79.0,4306.0,21.1
Gallotia,28.395737,-16.651645,Spain,2025-01-09,17.0,716.0,22.3
Gallotia,28.458156,-16.463907,Spain,2025-01-09,72.0,2055.0,20.7
Gallotia,27.930954,-15.75012,Spain,2025-01-09,646.0,2215.0,17.7
Gallotia,28.305097,-16.56557,Spain,2025-01-09,2052.0,1695.0,12.0
Gallotia,28.305287,-16.565505,Spain,2025-01-09,2052.0,1740.0,12.0
Gallotia,28.305392,-16.567023,Spain,2025-01-09,2062.0,2028.0,12.0
Gallotia,28.567962,-16.320443,Spain,2025-01-11,101.0,4675.0,21.1
Gallotia,28.568626,-16.32081,Spain,2025-01-11,88.0,4306.0,21.1
Gallotia,28.568626,-16.32081,Spain,2025-01-11,88.0,4306.0,21.1
Gallotia,28.568626,-16.32081,Spain,2025-01-11,88.0,4306.0,21.1
Gallotia,28.409583,-16.538575,Spain,2025-01-11,100.0,4019.0,21.1
Gallotia,27.813332,-15.582101,Spain,2025-01-11,421.0,2513.0,22.3
Gallotia,27.885296,-15.534465,Spain,2025-01-11,394.0,4880.0,19.4
Gallotia,28.256342,-16.623907,Spain,2025-01-12,2327.0,2075.0,11.1
Gallotia,28.823059,-17.893583,Spain,2025-01-12,759.0,8288.0,18.8
Gallotia,28.400187,-16.673183,Spain,2025-01-12,28.0,,22.3
Gallotia,28.400187,-16.673183,Spain,2025-01-12,28.0,,22.3
Gallotia,27.958752,-15.41724,Spain,2025-01-12,271.0,2853.0,23.3
Gallotia,27.958631,-15.417321,Spain,2025-01-12,271.0,2853.0,23.3
Gallotia,28.314562,-16.59591,Spain,2025-01-12,2089.0,2342.0,11.7
Gallotia,28.043966,-16.70905,Spain,2025-01-12,9.0,,24.3
Gallotia,27.966452,-15.584447,Spain,2025-01-13,1669.0,7264.0,14.7
Gallotia,28.461428,-17.845406,Spain,2025-01-12,129.0,,22.8
Gallotia,28.160582,-16.633831,Spain,2025-01-15,1381.0,2586.0,12.1
Gallotia,28.553809,-16.34825,Spain,2025-01-15,27.0,3452.0,20.7
Gallotia,28.304865,-16.373963,Spain,2025-01-15,54.0,4327.0,22.6
Gallotia,27.737106,-15.602765,Spain,2025-01-15,1.0,,24.1
Gallotia,28.595278,-17.888658,Spain,2025-01-16,484.0,3721.0,22.1
Gallotia,28.418016,-16.551527,Spain,2025-01-16,8.0,1254.0,
Gallotia,28.452719,-16.258293,Spain,2025-01-16,32.0,,21.8
Gallotia,28.805028,-17.761295,Spain,2025-01-16,25.0,6454.0,22.7
Gallotia,28.391244,-16.626667,Spain,2025-01-16,182.0,5976.0,21.7
Gallotia,28.253095,-16.624433,Spain,2025-01-15,2284.0,2071.0,11.1
Gallotia,28.061086,-16.716536,Spain,2025-01-18,34.0,4867.0,23.3
Gallotia,28.395602,-16.589739,Spain,2025-01-18,109.0,,20.9
Gallotia,27.809104,-15.743993,Spain,2025-01-18,74.0,1477.0,23.1
Gallotia,27.7616,-15.562333,Spain,2025-01-18,15.0,,24.2
Gallotia,28.061092,-16.716453,Spain,2025-01-18,34.0,4867.0,23.3
Gallotia,28.061025,-16.717203,Spain,2025-01-19,33.0,4867.0,23.3
Gallotia,28.061539,-16.71594,Spain,2025-01-19,35.0,4867.0,23.3
Gallotia,28.396962,-16.591208,Spain,2025-01-20,85.0,,20.9
Gallotia,28.068799,-14.505455,Spain,2025-01-20,13.0,2447.0,23.1
Gallotia,27.765431,-15.551362,Spain,2025-01-20,3.0,4489.0,23.7
Gallotia,27.736202,-15.600935,Spain,2025-01-20,3.0,,24.1
Gallotia,28.060971,-16.716385,Spain,2025-01-22,34.0,4867.0,23.3
Gallotia,28.697242,-13.918938,Spain,2025-01-23,205.0,1142.0,22.9
Gallotia,28.697287,-13.91893,Spain,2025-01-23,205.0,1215.0,22.9
Gallotia,27.737075,-15.602628,Spain,2025-01-23,1.0,,24.1
Gallotia,28.98078,-13.645457,Spain,2025-01-24,369.0,1297.0,21.6
Gallotia,28.978272,-13.640883,Spain,2025-01-24,538.0,1309.0,21.6
Gallotia,28.302567,-16.573477,Spain,2025-01-24,2077.0,1654.0,11.0
Gallotia,28.74,-13.88,Spain,2025-01-24,20.0,1307.0,
Gallotia,27.744027,-15.596748,Spain,2025-01-24,9.0,3060.0,24.1
Gallotia,28.764297,-13.816197,Spain,2025-01-25,10.0,,23.1
Fringilla polatzeki,27.882075,-15.481701,Spain,2025-01-04T16:24:23Z,262.0,1762.0,21.4
Fringilla polatzeki,27.802805,-15.692988,Spain,2025-01-07T11:41Z,132.0,1941.0,22.4
Fringilla polatzeki,27.840171,-15.540595,Spain,2025-04-15T16:02,828.0,2228.0,19.7
Fringilla polatzeki,27.877188,-15.464955,Spain,2024-05-18T12:18,146.0,1523.0,21.4
Fringilla polatzeki,27.92201,-15.417474,Spain,2024-05-18T12:18,178.0,1880.0,23.5
Fringilla polatzeki,27.969639,-15.58254,Spain,2024-05-18T12:18,1711.0,5354.0,14.7
Fringilla polatzeki,27.922095,-15.530839,Spain,2024-05-18T12:18,928.0,3560.0,16.0
Fringilla polatzeki,27.926935,-15.599161,Spain,2024-06-08T14:16,1225.0,4287.0,15.5
Fringilla polatzeki,27.815107,-15.510653,Spain,2024-06-08T14:15,295.0,1466.0,22.2
Fringilla polatzeki,27.867041,-15.485931,Spain,2024-07-22T14:55,327.0,1062.0,22.8
Fringilla polatzeki,27.886151,-15.476176,Spain,2024-07-22T14:58,430.0,2330.0,21.4
Fringilla polatzeki,27.93321,-15.557823,Spain,2024-11-20T17:51:28Z,784.0,4063.0,16.3
Fringilla polatzeki,27.850375,-15.60084,Spain,2024-11-26T12:26Z,520.0,2370.0,20.4
Fringilla polatzeki,27.915867,-15.750314,Spain,2024-11-26T12:35Z,618.0,2267.0,17.7
Fringilla polatzeki,27.942894,-15.55123,Spain,2024-11-26T15:12Z,1195.0,4062.0,16.3
Fringilla polatzeki,27.867441,-15.579773,Spain,2024-11-26T15:21Z,969.0,2730.0,20.4
Fringilla polatzeki,27.966116,-15.584664,Spain,2023-01-04,1669.0,7264.0,14.7
Fringilla polatzeki,27.970346,-15.612688,Spain,2023-01-08,1682.0,5053.0,16.7
Fringilla polatzeki,27.970346,-15.612688,Spain,2023-01-08,1682.0,5053.0,16.7
Fringilla polatzeki,27.944025,-15.694351,Spain,2023-01-01,1274.0,4261.0,16.8
Fringilla polatzeki,27.970346,-15.612688,Spain,2023-01-29,1682.0,5053.0,16.7
Fringilla polatzeki,27.966116,-15.584664,Spain,2023-02-03,1669.0,7264.0,14.7
Fringilla polatzeki,27.966116,-15.584664,Spain,2023-02-13,1669.0,7264.0,14.7
Fringilla polatzeki,27.966116,-15.584664,Spain,2023-02-14,1669.0,7264.0,14.7
Fringilla polatzeki,27.951714,-15.65189,Spain,2023-02-16,1125.0,6710.0,16.7
Fringilla polatzeki,27.931227,-15.67752,Spain,2023-02-13,988.0,5460.0,16.8
Fringilla polatzeki,27.966116,-15.584664,Spain,2023-02-17,1669.0,7264.0,14.7
Fringilla polatzeki,27.966116,-15.584664,Spain,2023-03-04,1669.0,7264.0,14.7
Fringilla polatzeki,27.966116,-15.584664,Spain,2023-03-04,1669.0,7264.0,14.7
Fringilla polatzeki,27.966726,-15.583581,Spain,2023-03-09,1668.0,7264.0,14.7
Fringilla polatzeki,27.960989,-15.589557,Spain,2023-03-09,1641.0,5945.0,14.7
Fringilla polatzeki,27.966116,-15.584664,Spain,2023-03-07,1669.0,7264.0,14.7
Fringilla polatzeki,27.966116,-15.584664,Spain,2023-03-12,1669.0,7264.0,14.7
Fringilla polatzeki,27.966116,-15.584664,Spain,2023-03-15,1669.0,7264.0,14.7
Fringilla polatzeki,27.966116,-15.584664,Spain,2023-03-15,1669.0,7264.0,14.7
Fringilla polatzeki,27.951714,-15.65189,Spain,2023-03-20,1125.0,6710.0,16.7
Fringilla polatzeki,27.96105,-15.589514,Spain,2023-03-18,1641.0,5945.0,14.7
Fringilla polatzeki,27.942646,-15.66897,Spain,2023-03-21,1238.0,4829.0,16.8
Fringilla polatzeki,27.96105,-15.589514,Spain,2023-03-25,1641.0,5945.0,14.7
Fringilla polatzeki,27.923147,-15.670699,Spain,2023-03-26,880.0,3011.0,16.8
Fringilla polatzeki,27.942646,-15.66897,Spain,2023-03-21,1238.0,4829.0,16.8
Fringilla polatzeki,27.951714,-15.65189,Spain,2023-03-20,1125.0,6710.0,16.7
Fringilla polatzeki,27.966116,-15.584664,Spain,2023-05-06,1669.0,7264.0,14.7
Fringilla polatzeki,27.966116,-15.584664,Spain,2023-05-13,1669.0,7264.0,14.7
Fringilla polatzeki,27.966116,-15.584664,Spain,2023-05-29,1669.0,7264.0,14.7
Fringilla polatzeki,27.966116,-15.584664,Spain,2023-05-31,1669.0,7264.0,14.7
Fringilla polatzeki,27.96127,-15.584363,Spain,2023-05-01,1693.0,7104.0,14.7
Fringilla polatzeki,27.936111,-15.666739,Spain,2023-05-01,1140.0,4301.0,16.8
Fringilla polatzeki,27.960382,-15.589264,Spain,2023-05-02,1646.0,5511.0,14.7
Fringilla polatzeki,27.966116,-15.584664,Spain,2023-06-04,1669.0,7264.0,14.7
Fringilla polatzeki,27.966116,-15.584664,Spain,2023-06-03,1669.0,7264.0,14.7
Fringilla polatzeki,27.96105,-15.589514,Spain,2023-06-12,1641.0,5945.0,14.7
Fringilla polatzeki,27.96105,-15.589514,Spain,2023-06-12,1641.0,5945.0,14.7
Fringilla polatzeki,27.96105,-15.589514,Spain,2023-06-28,1641.0,5945.0,14.7
Fringilla polatzeki,27.966116,-15.584664,Spain,2023-06-30,1669.0,7264.0,14.7
Fringilla polatzeki,27.966116,-15.584664,Spain,2023-06-30,1669.0,7264.0,14.7
Fringilla polatzeki,27.96105,-15.589514,Spain,2023-07-01,1641.0,5945.0,14.7
Fringilla polatzeki,27.96105,-15.589514,Spain,2023-07-05,1641.0,5945.0,14.7
Fringilla polatzeki,27.966116,-15.584664,Spain,2023-07-27,1669.0,7264.0,14.7
Fringilla polatzeki,27.96105,-15.589514,Spain,2023-07-31,1641.0,5945.0,14.7
Fringilla polatzeki,27.966116,-15.584664,Spain,2023-07-31,1669.0,7264.0,14.7
Fringilla polatzeki,27.966116,-15.584664,Spain,2023-07-31,1669.0,7264.0,14.7
Fringilla polatzeki,27.966116,-15.584664,Spain,2023-07-31,1669.0,7264.0,14.7
Fringilla polatzeki,27.966116,-15.584664,Spain,2023-07-31,1669.0,7264.0,14.7
Fringilla polatzeki,27.96105,-15.589514,Spain,2023-07-31,1641.0,5945.0,14.7
Fringilla polatzeki,27.96105,-15.589514,Spain,2023-07-31,1641.0,5945.0,14.7
Fringilla polatzeki,27.96105,-15.589514,Spain,2023-07-31,1641.0,5945.0,14.7
Fringilla polatzeki,27.966116,-15.584664,Spain,2023-07-31,1669.0,7264.0,14.7
Fringilla polatzeki,27.96105,-15.589514,Spain,2023-07-31,1641.0,5945.0,14.7
Fringilla polatzeki,27.966116,-15.584664,Spain,2023-07-31,1669.0,7264.0,14.7
Fringilla polatzeki,27.96105,-15.589514,Spain,2023-08-05,1641.0,5945.0,14.7
Fringilla polatzeki,27.966116,-15.584664,Spain,2023-08-17,1669.0,7264.0,14.7
Fringilla polatzeki,27.96105,-15.589514,Spain,2023-09-01,1641.0,5945.0,14.7
Fringilla polatzeki,27.966116,-15.584664,Spain,2023-09-14,1669.0,7264.0,14.7
Fringilla polatzeki,27.96105,-15.589514,Spain,2023-09-14,1641.0,5945.0,14.7
Fringilla polatzeki,27.966116,-15.584664,Spain,2023-09-28,1669.0,7264.0,14.7
Fringilla polatzeki,27.958742,-15.590644,Spain,2023-10-09,1661.0,5321.0,14.7
Fringilla polatzeki,27.96105,-15.589514,Spain,2023-11-07,1641.0,5945.0,14.7
Fringilla polatzeki,27.966116,-15.584664,Spain,2023-11-08,1669.0,7264.0,14.7
Fringilla polatzeki,27.943987,-15.664331,Spain,2023-11-12,1212.0,5257.0,16.8
Fringilla polatzeki,27.931995,-15.676987,Spain,2023-11-13,992.0,5460.0,16.8
Fringilla polatzeki,27.966116,-15.584664,Spain,2023-11-14,1669.0,7264.0,14.7
Fringilla polatzeki,27.966116,-15.584664,Spain,2023-11-14,1669.0,7264.0,14.7
Fringilla polatzeki,27.96105,-15.589514,Spain,2023-11-17,1641.0,5945.0,14.7
Fringilla polatzeki,27.966116,-15.584664,Spain,2023-11-30,1669.0,7264.0,14.7
Fringilla polatzeki,27.931995,-15.676987,Spain,2023-11-13,992.0,5460.0,16.8
Fringilla polatzeki,27.82419,-15.450059,Spain,2023-12-16T14:13Z,56.0,1035.0,24.0
Fringilla polatzeki,27.99083,-15.760116,Spain,2023-12-07T10:14:37Z,261.0,1456.0,21.6
Fringilla polatzeki,27.966116,-15.584664,Spain,2023-12-07,1669.0,7264.0,14.7
Fringilla polatzeki,27.951714,-15.65189,Spain,2023-12-09,1125.0,6710.0,16.7
Fringilla polatzeki,27.951714,-15.65189,Spain,2023-12-09,1125.0,6710.0,16.7
Fringilla polatzeki,27.966116,-15.584664,Spain,2023-12-16,1669.0,7264.0,14.7
Fringilla polatzeki,27.966116,-15.584664,Spain,2023-12-16,1669.0,7264.0,14.7
Fringilla polatzeki,27.966116,-15.584664,Spain,2023-12-18,1669.0,7264.0,14.7
Fringilla polatzeki,27.966116,-15.584664,Spain,2023-12-18,1669.0,7264.0,14.7
Fringilla polatzeki,27.966116,-15.584664,Spain,2023-12-18,1669.0,7264.0,14.7
Fringilla polatzeki,27.966116,-15.584664,Spain,2023-12-19,1669.0,7264.0,14.7
Fringilla polatzeki,27.966116,-15.584664,Spain,2023-12-27,1669.0,7264.0,14.7
Fringilla polatzeki,27.966116,-15.584664,Spain,2023-12-27,1669.0,7264.0,14.7
Fringilla polatzeki,27.966116,-15.584664,Spain,2023-12-29,1669.0,7264.0,14.7
Fringilla polatzeki,27.966116,-15.584664,Spain,2023-12-30,1669.0,7264.0,14.7
Fringilla polatzeki,27.966116,-15.584664,Spain,2023-12-30,1669.0,7264.0,14.7
Fringilla polatzeki,27.951714,-15.65189,Spain,2022-01-03,1125.0,6710.0,16.7
Fringilla polatzeki,27.927622,-15.677665,Spain,2022-01-05,968.0,5460.0,16.8
Fringilla polatzeki,27.966116,-15.584664,Spain,2022-01-05,1669.0,7264.0,14.7
Fringilla polatzeki,27.938354,-15.673881,Spain,2022-01-21,1247.0,4857.0,16.8
Fringilla polatzeki,27.963891,-15.670742,Spain,2022-02-20T13:26,717.0,3299.0,16.7
Fringilla polatzeki,27.897049,-15.70022,Spain,2022-02-20T12:52,754.0,3227.0,19.0
Fringilla polatzeki,27.945585,-15.673598,Spain,2022-02-20,1260.0,5186.0,16.7
Fringilla polatzeki,27.945585,-15.673598,Spain,2022-02-20,1260.0,5186.0,16.7
Fringilla polatzeki,27.96105,-15.589514,Spain,2022-02-22,1641.0,5945.0,14.7
Fringilla polatzeki,27.943943,-15.669804,Spain,2022-02-25,1238.0,5288.0,16.8
Fringilla polatzeki,27.944948,-15.677399,Spain,2022-02-24,1259.0,6162.0,16.7
Fringilla polatzeki,27.944025,-15.694351,Spain,2022-03-06,1274.0,4261.0,16.8
Fringilla polatzeki,27.944025,-15.694351,Spain,2022-03-06,1274.0,4261.0,16.8
Fringilla polatzeki,27.96105,-15.589514,Spain,2022-03-26,1641.0,5945.0,14.7
Fringilla polatzeki,27.974094,-15.584219,Spain,2022-03-25,1689.0,6030.0,14.7
Fringilla polatzeki,27.969574,-15.585346,Spain,2022-04-12,1690.0,6550.0,14.7
Fringilla polatzeki,27.951714,-15.65189,Spain,2022-04-15,1125.0,6710.0,16.7
Fringilla polatzeki,27.966116,-15.584664,Spain,2022-04-16,1669.0,7264.0,14.7
Fringilla polatzeki,27.96567,-15.595093,Spain,2022-04-20,1562.0,6130.0,14.7
Fringilla polatzeki,27.934084,-15.553516,Spain,2022-05-02T10:42,898.0,3731.0,16.3
Fringilla polatzeki,27.966116,-15.584664,Spain,2022-05-02,1669.0,7264.0,14.7
Fringilla polatzeki,27.966116,-15.584664,Spain,2022-05-02,1669.0,7264.0,14.7
Fringilla polatzeki,27.96105,-15.589514,Spain,2022-05-07,1641.0,5945.0,14.7
Fringilla polatzeki,27.96567,-15.595093,Spain,2022-05-08,1562.0,6130.0,14.7
Fringilla polatzeki,27.98782,-15.569436,Spain,2022-05-19,1368.0,6376.0,13.9
Fringilla polatzeki,27.987608,-15.578039,Spain,2022-05-19,1603.0,6970.0,14.7
Fringilla polatzeki,27.966116,-15.584664,Spain,2022-05-26,1669.0,7264.0,14.7
Fringilla polatzeki,27.966116,-15.584664,Spain,2022-05-26,1669.0,7264.0,14.7
Fringilla polatzeki,27.966116,-15.584664,Spain,2022-05-26,1669.0,7264.0,14.7
Fringilla polatzeki,27.966116,-15.584664,Spain,2022-05-26,1669.0,7264.0,14.7
Fringilla polatzeki,27.96567,-15.595093,Spain,2022-06-06,1562.0,6130.0,14.7
Fringilla polatzeki,27.944025,-15.694351,Spain,2022-06-24,1274.0,4261.0,16.8
Fringilla polatzeki,27.951433,-15.690825,Spain,2022-06-25,1512.0,5225.0,18.9
Fringilla polatzeki,27.966116,-15.584664,Spain,2022-06-26,1669.0,7264.0,14.7
Fringilla polatzeki,27.951433,-15.690825,Spain,2022-06-26,1512.0,5225.0,18.9
Fringilla polatzeki,27.966116,-15.584664,Spain,2022-07-09,1669.0,7264.0,14.7
Fringilla polatzeki,27.96105,-15.589514,Spain,2022-07-12,1641.0,5945.0,14.7
Fringilla polatzeki,27.96105,-15.589514,Spain,2022-07-16,1641.0,5945.0,14.7
Fringilla polatzeki,27.96105,-15.589514,Spain,2022-07-16,1641.0,5945.0,14.7
Fringilla polatzeki,27.966116,-15.584664,Spain,2022-07-17,1669.0,7264.0,14.7
Fringilla polatzeki,27.96105,-15.589514,Spain,2022-07-12,1641.0,5945.0,14.7
Fringilla polatzeki,27.966116,-15.584664,Spain,2022-09-09,1669.0,7264.0,14.7
Fringilla polatzeki,27.966116,-15.584664,Spain,2022-09-09,1669.0,7264.0,14.7
Fringilla polatzeki,27.966116,-15.584664,Spain,2022-09-12,1669.0,7264.0,14.7
Fringilla polatzeki,27.966116,-15.584664,Spain,2022-09-12,1669.0,7264.0,14.7
Fringilla polatzeki,27.962854,-15.58961,Spain,2022-09-13,1628.0,7104.0,14.7
Fringilla polatzeki,27.962854,-15.58961,Spain,2022-09-13,1628.0,7104.0,14.7
Fringilla polatzeki,27.923182,-15.688748,Spain,2022-09-19,922.0,5136.0,16.8
Fringilla polatzeki,27.966116,-15.584664,Spain,2022-10-14,1669.0,7264.0,14.7
Fringilla polatzeki,27.944149,-15.673431,Spain,2022-10-15,1368.0,6091.0,16.8
Fringilla polatzeki,27.949175,-15.654527,Spain,2022-10-15,1214.0,6075.0,16.7
Fringilla polatzeki,27.96105,-15.589514,Spain,2022-10-28,1641.0,5945.0,14.7
Fringilla polatzeki,27.966116,-15.584664,Spain,2022-11-04,1669.0,7264.0,14.7
Fringilla polatzeki,27.969975,-15.584659,Spain,2022-11-03,1696.0,6550.0,14.7
Fringilla polatzeki,27.946453,-15.662412,Spain,2022-12-01,1215.0,6230.0,16.7
Fringilla polatzeki,27.951714,-15.65189,Spain,2022-12-07,1125.0,6710.0,16.7
Fringilla polatzeki,27.970346,-15.612688,Spain,2022-12-07,1682.0,5053.0,16.7
Fringilla polatzeki,27.966116,-15.584664,Spain,2022-12-20,1669.0,7264.0,14.7
Fringilla polatzeki,27.966116,-15.584664,Spain,2022-12-20,1669.0,7264.0,14.7
Fringilla polatzeki,27.966116,-15.584664,Spain,2021-01-17,1669.0,7264.0,14.7
Fringilla polatzeki,27.966116,-15.584664,Spain,2021-01-17,1669.0,7264.0,14.7
Fringilla polatzeki,27.964811,-15.592865,Spain,2021-01-17,1610.0,6130.0,14.7
Fringilla polatzeki,27.96105,-15.589514,Spain,2021-01-27,1641.0,5945.0,14.7
Fringilla polatzeki,27.96105,-15.589514,Spain,2021-02-08,1641.0,5945.0,14.7
Fringilla polatzeki,27.96105,-15.589514,Spain,2021-02-08,1641.0,5945.0,14.7
Fringilla polatzeki,27.96105,-15.589514,Spain,2021-02-08,1641.0,5945.0,14.7
Fringilla polatzeki,27.966116,-15.584664,Spain,2021-03-27,1669.0,7264.0,14.7
Fringilla polatzeki,27.96567,-15.595093,Spain,2021-05-06,1562.0,6130.0,14.7
Fringilla polatzeki,27.966116,-15.584664,Spain,2021-05-08,1669.0,7264.0,14.7
Fringilla polatzeki,27.966116,-15.584664,Spain,2021-05-08,1669.0,7264.0,14.7
Fringilla polatzeki,27.966116,-15.584664,Spain,2021-05-13,1669.0,7264.0,14.7
Fringilla polatzeki,27.966116,-15.584664,Spain,2021-05-13,1669.0,7264.0,14.7
Fringilla polatzeki,27.96567,-15.595093,Spain,2021-06-07,1562.0,6130.0,14.7
Fringilla polatzeki,27.944025,-15.694351,Spain,2021-07-16,1274.0,4261.0,16.8
Fringilla polatzeki,27.96105,-15.589514,Spain,2021-07-24,1641.0,5945.0,14.7
Fringilla polatzeki,27.966116,-15.584664,Spain,2021-07-31,1669.0,7264.0,14.7
Fringilla polatzeki,27.970346,-15.612688,Spain,2021-07-31,1682.0,5053.0,16.7
Fringilla polatzeki,27.944025,-15.694351,Spain,2021-08-01,1274.0,4261.0,16.8
Fringilla polatzeki,27.944025,-15.694351,Spain,2021-08-06,1274.0,4261.0,16.8
Fringilla polatzeki,27.96105,-15.589514,Spain,2021-08-07,1641.0,5945.0,14.7
Fringilla polatzeki,27.966116,-15.584664,Spain,2021-08-02,1669.0,7264.0,14.7
Fringilla polatzeki,27.96567,-15.595093,Spain,2021-08-21,1562.0,6130.0,14.7
Fringilla polatzeki,27.966116,-15.584664,Spain,2021-09-01,1669.0,7264.0,14.7
Fringilla polatzeki,27.966116,-15.584664,Spain,2021-09-18,1669.0,7264.0,14.7
Fringilla polatzeki,27.966116,-15.584664,Spain,2021-09-20,1669.0,7264.0,14.7
Fringilla polatzeki,27.96105,-15.589514,Spain,2021-09-25,1641.0,5945.0,14.7
Fringilla polatzeki,27.966116,-15.584664,Spain,2021-09-22,1669.0,7264.0,14.7
Fringilla polatzeki,27.948631,-15.661071,Spain,2021-10-27,1211.0,5178.0,16.7
Fringilla polatzeki,27.954443,-15.648081,Spain,2021-10-27,1111.0,4169.0,16.7
Fringilla polatzeki,27.951714,-15.65189,Spain,2021-11-16,1125.0,6710.0,16.7
Fringilla polatzeki,27.966116,-15.584664,Spain,2021-11-21,1669.0,7264.0,14.7
Fringilla polatzeki,27.966116,-15.584664,Spain,2021-11-21,1669.0,7264.0,14.7
Fringilla polatzeki,27.96105,-15.589514,Spain,2021-11-21,1641.0,5945.0,14.7
Fringilla polatzeki,27.966116,-15.584664,Spain,2021-11-21,1669.0,7264.0,14.7
Fringilla polatzeki,27.966492,-15.583526,Spain,2021-11-23,1668.0,7264.0,14.7
Fringilla polatzeki,27.966116,-15.584664,Spain,2021-12-05,1669.0,7264.0,14.7
Fringilla polatzeki,27.96105,-15.589514,Spain,2021-12-22,1641.0,5945.0,14.7
Fringilla polatzeki,27.951714,-15.65189,Spain,2021-12-22,1125.0,6710.0,16.7
Fringilla teydea,28.294214,-16.584732,Spain,2025-01-04T11:35Z,2163.0,1626.0,9.9
Fringilla teydea,28.385943,-16.487658,Spain,2025-01-04T11:36Z,1038.0,5302.0,16.8
Fringilla teydea,28.398387,-16.549983,Spain,2025-01-04T11:37Z,176.0,4125.0,21.8
Fringilla teydea,28.397088,-16.507368,Spain,2025-01-22T11:55Z,352.0,6444.0,21.1
Fringilla teydea,28.356671,-16.514998,Spain,2025-01-24T10:21:25Z,1176.0,6986.0,15.7
Fringilla teydea,28.368418,-16.562212,Spain,2025-01-24T10:19Z,596.0,6749.0,17.0
Fringilla teydea,28.337154,-16.569692,Spain,2025-01-24T10:20Z,1366.0,7162.0,12.0
Fringilla teydea,28.375479,-16.59676,Spain,2025-01-24T12:32Z,579.0,7512.0,16.0
Fringilla teydea,28.21521,-16.517021,Spain,2025-01-24T12:37Z,1360.0,4564.0,14.6
Fringilla teydea,28.353027,-16.473519,Spain,2025-01-24T11:29Z,1947.0,5311.0,13.5
Fringilla teydea,28.234039,-16.401213,Spain,2025-01-24T13:34Z,,,21.8
Fringilla teydea,28.386649,-16.743583,Spain,2025-01-25T13:36Z,,,23.8
Fringilla teydea,28.28714,-16.752153,Spain,2025-01-25T14:04Z,1612.0,6490.0,13.3
Fringilla teydea,28.253546,-16.734022,Spain,2025-01-25T14:59Z,1665.0,4952.0,14.6
Fringilla teydea,28.464322,-16.376344,Spain,2025-01-24T08:10Z,882.0,7413.0,18.9
Fringilla teydea,28.281031,-16.836381,Spain,2025-01-31T14:39Z,638.0,,21.8
Fringilla teydea,28.074027,-16.722782,Spain,2025-01-25T17:50Z,109.0,3549.0,24.2
Fringilla teydea,28.13213,-16.755672,Spain,2025-01-28T14:57Z,203.0,2265.0,19.8
Fringilla teydea,28.462199,-16.335254,Spain,2025-02-02T13:06Z,675.0,6844.0,18.6
Fringilla teydea,28.341953,-16.7116,Spain,2025-02-10T17:25:12Z,820.0,7654.0,19.1
Fringilla teydea,28.349816,-16.409417,Spain,2025-02-16T10:40:55Z,423.0,3168.0,16.5
Fringilla teydea,28.107305,-16.718397,Spain,2025-02-19T16:18:51Z,212.0,1488.0,20.2
Fringilla teydea,28.163498,-16.776165,Spain,2025-02-19T16:39:37Z,284.0,2721.0,21.2
Fringilla teydea,28.280712,-16.675032,Spain,2025-02-18T02:13Z,2312.0,3145.0,10.3
Fringilla teydea,28.11568,-16.642441,Spain,2025-02-23T22:34:56Z,946.0,4269.0,19.7
Fringilla teydea,28.110118,-16.668161,Spain,2025-02-01T17:14:58Z,844.0,2972.0,20.2
Fringilla teydea,28.073054,-16.608566,Spain,2025-02-20T17:00Z,314.0,2777.0,23.3
Fringilla teydea,28.423372,-16.379864,Spain,2025-02-11T00:00,1057.0,7518.0,16.3
Fringilla teydea,28.265451,-16.481317,Spain,2025-03-11T11:38:06Z,1353.0,3089.0,18.3
Fringilla teydea,28.152029,-16.626623,Spain,2025-03-10T11:19Z,1334.0,2826.0,15.9
Fringilla teydea,28.255285,-16.470028,Spain,2025-03-24T13:48:39Z,1043.0,2944.0,21.8
Fringilla teydea,28.277138,-16.510369,Spain,2025-03-24T12:03Z,2133.0,1754.0,11.5
Fringilla teydea,28.362899,-16.570902,Spain,2025-03-27T11:27Z,699.0,6421.0,17.0
Fringilla teydea,28.36543,-16.446275,Spain,2025-03-27T11:29Z,1392.0,3808.0,16.5
Fringilla teydea,28.262177,-16.534585,Spain,2025-03-27T11:45Z,2182.0,1884.0,14.6
Fringilla teydea,28.020863,-16.752143,Spain,2025-04-05T13:20:45,,,
Fringilla teydea,28.31799,-16.684062,Spain,2025-04-16T09:53:20,1367.0,7540.0,14.2
Fringilla teydea,28.3884,-16.597132,Spain,2025-04-10T11:03,203.0,7487.0,20.9
Fringilla teydea,28.232498,-16.462583,Spain,2025-04-10T11:37,698.0,4376.0,21.8
Fringilla teydea,28.398323,-16.579799,Spain,2025-04-10T11:48,163.0,4257.0,20.9
Fringilla teydea,28.377353,-16.493635,Spain,2025-04-20T11:04,842.0,6172.0,16.8
Fringilla teydea,28.47027,-16.255732,Spain,2025-04-28T18:59:30,55.0,1936.0,21.8
Fringilla teydea,28.378463,-16.581899,Spain,2025-04-30T10:41:26,380.0,4286.0,20.9
Fringilla teydea,28.248829,-16.553985,Spain,2025-04-25T12:15,2278.0,1790.0,12.0
Fringilla teydea,28.24989,-16.555326,Spain,2025-04-22T15:14:55,2203.0,2454.0,12.0
Fringilla teydea,28.431381,-16.226022,Spain,2025-04-28T19:01:41,,,
Fringilla teydea,28.367928,-16.691771,Spain,2025-04-30T10:36:49,411.0,6301.0,19.1
Fringilla teydea,28.296404,-16.581152,Spain,2025-05-05T13:02:11,2135.0,1353.0,9.9
Fringilla teydea,28.427581,-16.460682,Spain,2025-05-05T18:34:36,571.0,5515.0,17.9
Fringilla teydea,28.487609,-16.335778,Spain,2025-05-09T11:06:55,599.0,4472.0,20.7
Fringilla teydea,28.409067,-16.340513,Spain,2025-05-09T10:07:52,307.0,2368.0,21.3
Fringilla teydea,28.537749,-16.239095,Spain,2025-05-09T10:40,784.0,8246.0,20.3
Fringilla teydea,28.44111,-16.339897,Spain,2025-05-05T13:07,629.0,7022.0,18.5
Fringilla teydea,28.272223,-16.523244,Spain,2025-05-10T12:24,2200.0,1764.0,11.5
Fringilla teydea,28.281694,-16.415364,Spain,2025-05-14T12:29:32,606.0,4480.0,18.7
Fringilla teydea,28.335516,-16.543959,Spain,2025-05-25T18:20,1378.0,6200.0,12.0
Fringilla teydea,28.259258,-16.698374,Spain,2025-06-05T11:50:27,2200.0,635.0,11.7
Fringilla teydea,28.551813,-16.443208,Spain,2025-06-08T06:42,,,23.1
Fringilla teydea,28.343159,-16.616131,Spain,2025-06-05T11:49,1379.0,7178.0,17.5
Fringilla teydea,28.288482,-16.709874,Spain,2025-06-05T11:49,1894.0,6222.0,10.3
Fringilla teydea,28.368924,-16.647427,Spain,2025-06-05T11:49,533.0,7661.0,17.5
Fringilla teydea,28.293329,-16.494532,Spain,2024-01-03T15:52:41Z,2103.0,2195.0,15.0
Fringilla teydea,28.22173,-16.686775,Spain,2024-01-05T16:23:48Z,2066.0,944.0,11.7
Fringilla teydea,28.347728,-16.634205,Spain,2024-01-05T14:50Z,1122.0,6910.0,17.5
Fringilla teydea,28.206324,-16.553289,Spain,2024-01-22T18:34:29Z,1498.0,4676.0,12.0
Fringilla teydea,28.31336,-16.621731,Spain,2024-01-05T14:49Z,1818.0,6502.0,12.8
Fringilla teydea,28.123343,-16.746124,Spain,2024-02-09T16:49:13Z,194.0,2093.0,23.4
Fringilla teydea,28.3298,-16.5317,Spain,2024-02-14,1596.0,5751.0,11.3
Fringilla teydea,28.3298,-16.5317,Spain,2024-02-14,1596.0,5751.0,11.3
Fringilla teydea,28.373774,-16.463772,Spain,2024-02-28T00:00,1878.0,5042.0,16.5
Fringilla teydea,28.295464,-16.565796,Spain,2024-02-26T00:00,2133.0,1451.0,11.0
Fringilla teydea,28.306025,-16.564775,Spain,2024-02-27T00:00,2039.0,1740.0,12.0
Fringilla teydea,28.266962,-16.747192,Spain,2024-02-26T00:00,1576.0,3791.0,14.6
Fringilla teydea,28.329557,-16.532602,Spain,2024-02-27T00:00,1585.0,5092.0,11.3
Fringilla teydea,28.393385,-16.435144,Spain,2024-02-28T00:00,1714.0,5598.0,14.6
Fringilla teydea,28.253169,-16.714218,Spain,2024-03-21T10:05Z,1931.0,5670.0,11.7
Fringilla teydea,28.182883,-16.670597,Spain,2024-03-21T15:28Z,1962.0,4213.0,13.3
Fringilla teydea,28.066384,-16.653291,Spain,2024-03-21T15:27Z,269.0,3099.0,23.3
Fringilla teydea,28.07125,-16.750974,Spain,2024-03-25T11:11:25Z,,,24.2
Fringilla teydea,28.35205,-16.719441,Spain,2024-03-29T12:59:05Z,666.0,6971.0,19.1
Fringilla teydea,28.367806,-16.432588,Spain,2024-03-27T20:13Z,1121.0,4860.0,16.5
Fringilla teydea,28.342029,-16.788851,Spain,2024-03-29T10:12:34Z,859.0,7107.0,19.7
Fringilla teydea,28.388878,-16.51982,Spain,2024-03-15T11:55Z,412.0,6007.0,21.1
Fringilla teydea,28.329557,-16.532602,Spain,2024-03-01T00:00,1585.0,5092.0,11.3
Fringilla teydea,28.191422,-16.668663,Spain,2024-03-06T00:00,2048.0,4094.0,13.3
Fringilla teydea,28.501328,-16.320298,Spain,2024-04-17T14:49:45,563.0,4002.0,19.0
Fringilla teydea,28.325454,-16.553309,Spain,2024-04-20T14:09:16,1612.0,5281.0,12.0
Fringilla teydea,28.394525,-16.484445,Spain,2024-04-21T11:00:01,1182.0,4989.0,16.8
Fringilla teydea,28.336025,-16.765615,Spain,2024-04-21T11:09:11,995.0,6475.0,15.8
Fringilla teydea,28.556641,-16.370283,Spain,2024-04-26T10:48:04,,,23.5
Fringilla teydea,28.280478,-16.423154,Spain,2024-04-27T15:01,691.0,4611.0,18.7
Fringilla teydea,28.211558,-16.597968,Spain,2024-04-27T17:21,2332.0,2214.0,10.8
Fringilla teydea,28.334316,-16.578359,Spain,2024-05-01T13:00,1479.0,5117.0,12.0
Fringilla teydea,28.19404,-16.704798,Spain,2024-05-08T18:19:49,1583.0,5110.0,13.3
Fringilla teydea,28.244963,-16.504102,Spain,2024-05-16T10:58,1437.0,3408.0,18.3
Fringilla teydea,28.07798,-16.697832,Spain,2024-05-26T15:26:37,299.0,2178.0,23.3
Fringilla teydea,28.352867,-16.408559,Spain,2024-05-29T12:18:33,474.0,3378.0,16.5
Fringilla teydea,28.216059,-16.506712,Spain,2024-05-29T12:23:10,1244.0,5525.0,14.6
Fringilla teydea,28.267532,-16.565372,Spain,2024-05-29T13:38:02,2124.0,1756.0,12.0
Fringilla teydea,28.26528,-16.478447,Spain,2024-05-28T10:58:49,1283.0,2615.0,18.3
Fringilla teydea,28.371984,-16.529609,Spain,2024-05-29T13:02:10,653.0,7166.0,15.7
Fringilla teydea,28.297447,-16.581635,Spain,2024-06-01T18:16:39,2130.0,1353.0,9.9
Fringilla teydea,28.368039,-16.48607,Spain,2024-06-05T11:48:02,1236.0,6951.0,13.5
Fringilla teydea,28.23455,-16.605135,Spain,2024-06-06T11:58:24,2208.0,1420.0,10.8
Fringilla teydea,28.307464,-16.522713,Spain,2024-07-26T08:58,2174.0,2514.0,11.3
Fringilla teydea,28.232594,-16.694789,Spain,2024-07-09T10:51,2080.0,735.0,11.7
Fringilla teydea,28.32056,-16.661857,Spain,2024-07-09T10:51,1352.0,5627.0,14.2
Fringilla teydea,28.123896,-16.680669,Spain,2024-07-16T10:44,972.0,2995.0,20.2
Fringilla teydea,28.187075,-16.627986,Spain,2024-07-16T10:46,2017.0,4484.0,12.1
Fringilla teydea,28.062967,-16.790835,Spain,2024-07-16T10:48,,,
Fringilla teydea,28.033572,-16.701931,Spain,2024-07-16T10:48,135.0,,24.3
Fringilla teydea,28.140716,-16.735714,Spain,2024-07-16T10:49,588.0,3004.0,19.8
Fringilla teydea,28.142458,-16.677158,Spain,2024-07-16T10:50,1201.0,5200.0,16.8
Fringilla teydea,28.002365,-16.798205,Spain,2024-07-16T10:51,,,
Fringilla teydea,28.199715,-16.633694,Spain,2024-07-16T10:53,2413.0,2577.0,11.1
Fringilla teydea,28.165205,-16.664704,Spain,2024-07-16T11:12,1484.0,5295.0,13.3
Fringilla teydea,28.433495,-16.370966,Spain,2024-07-09T12:36,950.0,7053.0,16.3
Fringilla teydea,28.318029,-16.548276,Spain,2024-09-20T15:10:40,1847.0,4197.0,12.0
Fringilla teydea,28.3479,-16.5324,Spain,2024-09-20,1277.0,5495.0,15.7
Fringilla teydea,28.3479,-16.5324,Spain,2024-09-20,1277.0,5495.0,15.7
Fringilla teydea,28.1906,-16.6662,Spain,2024-09-25,2096.0,4094.0,13.3
Fringilla teydea,28.089641,-16.718517,Spain,2024-10-19T17:08:26,225.0,1623.0,20.2
Fringilla teydea,28.295697,-16.584587,Spain,2024-10-15T15:49,2137.0,1626.0,9.9
Fringilla teydea,28.218489,-16.461123,Spain,2024-10-15T16:01,500.0,3737.0,21.8
Fringilla teydea,28.369415,-16.421795,Spain,2024-11-19T12:42:30Z,900.0,5497.0,16.5
Fringilla teydea,28.3057,-16.5649,Spain,2024-11-27,2045.0,1740.0,12.0
Fringilla teydea,28.3057,-16.5649,Spain,2024-11-27,2045.0,1740.0,12.0
Fringilla teydea,28.1892,-16.6654,Spain,2024-11-30,2090.0,3743.0,13.3
Fringilla teydea,28.304468,-16.566231,Spain,2024-11-09T00:00,2060.0,1695.0,12.0
Fringilla teydea,28.329557,-16.532602,Spain,2024-11-09T00:00,1585.0,5092.0,11.3
Fringilla teydea,28.273489,-16.482136,Spain,2024-12-02T13:10Z,1453.0,3442.0,15.0
Fringilla teydea,28.080443,-16.761575,Spain,2024-12-04T15:52Z,,,
Fringilla teydea,28.341609,-16.417617,Spain,2024-12-04T11:23Z,452.0,3330.0,16.5
Fringilla teydea,28.192551,-16.784555,Spain,2024-12-04T16:03Z,329.0,2937.0,21.2
Fringilla teydea,28.142764,-16.682412,Spain,2024-12-04T16:05Z,1140.0,5479.0,16.8
Fringilla teydea,28.490373,-16.400294,Spain,2024-12-19T15:37Z,520.0,6015.0,23.1
Fringilla teydea,28.331231,-16.529611,Spain,2024-12-27T14:43Z,1606.0,6213.0,11.3
Fringilla teydea,28.319251,-16.477884,Spain,2024-12-27T16:49Z,1802.0,5143.0,12.5
Fringilla teydea,28.083414,-16.658856,Spain,2024-12-04T15:56Z,330.0,2461.0,23.3
Fringilla teydea,28.226366,-16.410605,Spain,2023-01-14T17:59Z,38.0,2654.0,21.8
Fringilla teydea,28.328638,-16.654365,Spain,2023-01-26T12:23Z,1275.0,6943.0,14.2
Fringilla teydea,28.253156,-16.664172,Spain,2023-01-26T13:11Z,2750.0,2992.0,11.7
Fringilla teydea,28.206855,-16.726023,Spain,2023-01-26T13:33Z,1496.0,3333.0,14.6
Fringilla teydea,28.371052,-16.49411,Spain,2023-01-15T10:28:08Z,954.0,6752.0,13.5
Fringilla teydea,28.329643,-16.53273,Spain,2023-01-03,1572.0,5092.0,11.3
Fringilla teydea,28.329643,-16.53273,Spain,2023-01-04,1572.0,5092.0,11.3
Fringilla teydea,28.329643,-16.53273,Spain,2023-01-04,1572.0,5092.0,11.3
Fringilla teydea,28.190191,-16.665777,Spain,2023-01-08,2090.0,3743.0,13.3
Fringilla teydea,28.423386,-16.379887,Spain,2023-01-07,1060.0,7518.0,16.3
Fringilla teydea,28.214346,-16.635792,Spain,2023-01-15,2009.0,1375.0,11.1
Fringilla teydea,28.329643,-16.53273,Spain,2023-01-11,1572.0,5092.0,11.3
Fringilla teydea,28.329643,-16.53273,Spain,2023-01-17,1572.0,5092.0,11.3
Fringilla teydea,28.18951,-16.664484,Spain,2023-01-18,2088.0,3743.0,13.3
Fringilla teydea,28.155806,-16.637995,Spain,2023-01-18,1399.0,2430.0,15.9
Fringilla teydea,28.190191,-16.665777,Spain,2023-01-19,2090.0,3743.0,13.3
Fringilla teydea,28.155806,-16.637995,Spain,2023-01-19,1399.0,2430.0,15.9
Fringilla teydea,28.155806,-16.637995,Spain,2023-01-19,1399.0,2430.0,15.9
Fringilla teydea,28.155806,-16.637995,Spain,2023-01-18,1399.0,2430.0,15.9
Fringilla teydea,28.190191,-16.665777,Spain,2023-01-19,2090.0,3743.0,13.3
Fringilla teydea,28.190191,-16.665777,Spain,2023-01-19,2090.0,3743.0,13.3
Fringilla teydea,28.189589,-16.604729,Spain,2023-01-12,1891.0,3895.0,12.9
Fringilla teydea,28.190191,-16.665777,Spain,2023-01-13,2090.0,3743.0,13.3
Fringilla teydea,28.190191,-16.665777,Spain,2023-01-23,2090.0,3743.0,13.3
Fringilla teydea,28.190191,-16.665777,Spain,2023-01-23,2090.0,3743.0,13.3
Fringilla teydea,28.190191,-16.665777,Spain,2023-01-24,2090.0,3743.0,13.3
Fringilla teydea,28.29529,-16.75746,Spain,2023-01-24,1508.0,2145.0,13.3
Fringilla teydea,28.190697,-16.665648,Spain,2023-01-24,2097.0,4367.0,13.3
Fringilla teydea,28.316326,-16.574028,Spain,2023-01-24,1886.0,2854.0,12.0
Fringilla teydea,28.30488,-16.56657,Spain,2023-01-26,2060.0,1695.0,12.0
Fringilla teydea,28.190191,-16.665777,Spain,2023-01-23,2090.0,3743.0,13.3
Fringilla teydea,28.190191,-16.665777,Spain,2023-01-28,2090.0,3743.0,13.3
Fringilla teydea,28.329643,-16.53273,Spain,2023-01-13,1572.0,5092.0,11.3
Fringilla teydea,28.30488,-16.56657,Spain,2023-01-28,2060.0,1695.0,12.0
Fringilla teydea,28.329643,-16.53273,Spain,2023-01-28,1572.0,5092.0,11.3
Fringilla teydea,28.329643,-16.53273,Spain,2023-01-28,1572.0,5092.0,11.3
Fringilla teydea,28.423386,-16.379887,Spain,2023-01-29,1060.0,7518.0,16.3
Fringilla teydea,28.294386,-16.759296,Spain,2023-01-29,1475.0,4245.0,15.9
Fringilla teydea,28.423386,-16.379887,Spain,2023-01-07,1060.0,7518.0,16.3
Fringilla teydea,28.298534,-16.754255,Spain,2023-01-19,1472.0,5709.0,13.3
Fringilla teydea,28.323594,-16.510318,Spain,2023-02-01T09:52:37Z,1975.0,2332.0,11.3
Fringilla teydea,28.157397,-16.682852,Spain,2023-02-17T13:54:16Z,1291.0,5583.0,16.8
Fringilla teydea,28.552566,-16.384111,Spain,2023-02-26T18:43:11Z,,,21.7
Fringilla teydea,28.458767,-16.369359,Spain,2023-02-26T18:42:52Z,915.0,7669.0,18.9
Fringilla teydea,28.1906,-16.6662,Spain,2023-02-20,2096.0,4094.0,13.3
Fringilla teydea,28.423386,-16.379887,Spain,2023-02-02,1060.0,7518.0,16.3
Fringilla teydea,28.190191,-16.665777,Spain,2023-02-03,2090.0,3743.0,13.3
Fringilla teydea,28.329643,-16.53273,Spain,2023-02-03,1572.0,5092.0,11.3
Fringilla teydea,28.34485,-16.482157,Spain,2023-02-04,1982.0,4267.0,13.5
Fringilla teydea,28.34485,-16.482157,Spain,2023-02-04,1982.0,4267.0,13.5
Fringilla teydea,28.28654,-16.759615,Spain,2023-02-06,1465.0,7115.0,15.9
Fringilla teydea,28.419706,-16.37705,Spain,2023-02-06,963.0,8299.0,16.3
Fringilla teydea,28.273762,-16.76827,Spain,2023-02-08,1372.0,4959.0,15.9
Fringilla teydea,28.284815,-16.763945,Spain,2023-02-08,1447.0,3681.0,15.9
Fringilla teydea,28.286022,-16.758339,Spain,2023-02-08,1471.0,7115.0,15.9
Fringilla teydea,28.190191,-16.665777,Spain,2023-02-09,2090.0,3743.0,13.3
Fringilla teydea,28.190191,-16.665777,Spain,2023-02-09,2090.0,3743.0,13.3
Fringilla teydea,28.190191,-16.665777,Spain,2023-02-10,2090.0,3743.0,13.3
Fringilla teydea,28.190191,-16.665777,Spain,2023-02-13,2090.0,3743.0,13.3
Fringilla teydea,28.190191,-16.665777,Spain,2023-02-14,2090.0,3743.0,13.3
Fringilla teydea,28.190191,-16.665777,Spain,2023-02-14,2090.0,3743.0,13.3
Columba bollii,28.540645,-16.286245,Spain,2025-01-03T16:22:52Z,563.0,6855.0,19.2
Columba bollii,28.528947,-16.30258,Spain,2025-01-06T15:11:24Z,788.0,7523.0,19.0
Columba bollii,28.538283,-16.31013,Spain,2025-01-18T15:29:07Z,778.0,8786.0,19.0
Columba bollii,28.606861,-17.786873,Spain,2025-01-15T18:10Z,676.0,8042.0,21.9
Columba bollii,28.526653,-16.283807,Spain,2025-01-27T13:25Z,802.0,7498.0,19.2
Columba bollii,28.554796,-16.264403,Spain,2025-01-26T12:19Z,640.0,7636.0,19.2
Columba bollii,28.555226,-16.263054,Spain,2025-01-26T14:35Z,570.0,7235.0,19.2
Columba bollii,28.127541,-17.258264,Spain,2025-01-28T12:10Z,1269.0,8190.0,18.6
Columba bollii,28.335667,-16.807469,Spain,2025-01-13T15:56Z,839.0,7715.0,17.4
Columba bollii,28.358661,-16.786299,Spain,2025-01-10,622.0,7050.0,19.7
Columba bollii,28.329459,-16.807272,Spain,2025-01-12,982.0,6320.0,17.4
Columba bollii,28.328811,-16.806704,Spain,2025-01-12,985.0,6320.0,17.4
Columba bollii,28.817396,-17.904893,Spain,2025-01-19,868.0,8629.0,18.8
Columba bollii,28.329429,-16.810151,Spain,2025-01-22,1015.0,6819.0,17.4
Columba bollii,28.328295,-16.80717,Spain,2025-01-29,991.0,6320.0,17.4
Columba bollii,28.827994,-17.903911,Spain,2025-02-11T19:17:46Z,728.0,8324.0,18.8
Columba bollii,28.799387,-17.773375,Spain,2025-02-24T14:03Z,176.0,6716.0,20.9
Columba bollii,28.328273,-16.807154,Spain,2025-02-02,991.0,6320.0,17.4
Columba bollii,28.328672,-16.807894,Spain,2025-02-06,998.0,6819.0,17.4
Columba bollii,28.357677,-16.787601,Spain,2025-02-03,619.0,6994.0,19.7
Columba bollii,28.126154,-17.257862,Spain,2025-02-02,1260.0,8190.0,18.6
Columba bollii,28.329537,-16.809723,Spain,2025-02-09,1025.0,6819.0,17.4
Columba bollii,28.329598,-16.810061,Spain,2025-02-19,1015.0,6819.0,17.4
Columba bollii,28.328039,-16.806198,Spain,2025-02-23,983.0,6320.0,17.4
Columba bollii,28.357593,-16.787969,Spain,2025-02-23,619.0,6994.0,19.7
Columba bollii,28.175184,-17.250721,Spain,2025-02-27,596.0,5675.0,21.1
Columba bollii,28.126539,-17.257658,Spain,2025-02-26,1251.0,8515.0,18.6
Columba bollii,28.762765,-17.77475,Spain,2025-03-09T13:23:52Z,486.0,8637.0,20.9
Columba bollii,28.357662,-16.532817,Spain,2025-03-10T08:19:45Z,1044.0,7551.0,15.7
Columba bollii,28.357703,-16.532745,Spain,2025-03-10T08:37:07Z,1044.0,7551.0,15.7
Columba bollii,28.524109,-16.283846,Spain,2025-03-12T09:32Z,769.0,7236.0,19.2
Columba bollii,28.32272,-16.816375,Spain,2025-03-20T18:49:42Z,1018.0,7920.0,17.4
Columba bollii,28.327941,-16.807225,Spain,2025-03-09T11:33Z,991.0,6320.0,17.4
Columba bollii,28.317585,-16.807341,Spain,2025-03-09T17:55Z,1035.0,7533.0,17.4
Columba bollii,28.31707,-16.809932,Spain,2025-03-09T18:11Z,1041.0,7533.0,17.4
Columba bollii,28.766285,-17.771748,Spain,2025-03-14T10:46Z,433.0,7788.0,20.9
Columba bollii,28.555457,-16.220661,Spain,2025-03-03,302.0,7457.0,20.3
Columba bollii,28.763283,-17.777031,Spain,2025-03-09,545.0,8762.0,20.9
Columba bollii,28.762494,-17.77883,Spain,2025-03-09,565.0,8908.0,20.9
Columba bollii,28.766807,-17.769855,Spain,2025-03-09,372.0,6958.0,20.9
Columba bollii,28.329336,-16.810122,Spain,2025-03-02,1015.0,6819.0,17.4
Columba bollii,28.32933,-16.810091,Spain,2025-03-02,1015.0,6819.0,17.4
Columba bollii,28.325951,-16.809361,Spain,2025-03-02,1050.0,7376.0,17.4
Columba bollii,28.329538,-16.810141,Spain,2025-03-18,1015.0,6819.0,17.4
Columba bollii,28.329311,-16.81015,Spain,2025-03-20,1015.0,6819.0,17.4
Columba bollii,28.329734,-16.811933,Spain,2025-03-20,936.0,6819.0,17.4
Columba bollii,28.329838,-16.809171,Spain,2025-03-20,1025.0,6819.0,17.4
Columba bollii,28.32526,-16.813404,Spain,2025-03-23,970.0,8112.0,17.4
Columba bollii,28.327971,-16.809111,Spain,2025-03-29,1019.0,6819.0,17.4
Columba bollii,28.327669,-16.808517,Spain,2025-03-31,1019.0,7376.0,17.4
Columba bollii,28.325781,-16.808781,Spain,2025-03-31,1012.0,7376.0,17.4
Columba bollii,28.314655,-16.813734,Spain,2025-04-11T11:08:36,1099.0,7587.0,17.4
Columba bollii,28.35805,-16.786995,Spain,2025-04-14T11:02:43,625.0,6994.0,19.7
Columba bollii,28.331107,-16.823984,Spain,2025-04-16T12:07:17,838.0,7192.0,17.4
Columba bollii,28.141661,-17.23776,Spain,2025-04-18T16:35:49,1017.0,8712.0,18.6
Columba bollii,28.797623,-17.788626,Spain,2025-04-08,327.0,8152.0,20.9
Columba bollii,28.32937,-16.810122,Spain,2025-04-15,1015.0,6819.0,17.4
Columba bollii,28.125906,-17.258825,Spain,2025-04-18,1243.0,8190.0,18.6
Columba bollii,28.324607,-16.811262,Spain,2025-04-23,1090.0,7519.0,17.4
Columba bollii,28.360512,-16.780067,Spain,2025-04-25,551.0,6908.0,19.7
Columba bollii,28.550267,-16.230136,Spain,2025-05-03,607.0,7580.0,20.3
Columba bollii,28.550073,-16.230545,Spain,2025-05-03,606.0,7580.0,20.3
Columba bollii,28.523972,-16.291825,Spain,2025-05-03,679.0,7130.0,19.0
Columba bollii,28.550512,-16.23012,Spain,2025-05-03,607.0,7537.0,20.3
Columba bollii,28.550581,-16.230186,Spain,2025-05-03,607.0,7537.0,20.3
Columba bollii,28.549984,-16.23052,Spain,2025-05-03,606.0,7580.0,20.3
Columba bollii,28.55048,-16.230082,Spain,2025-05-03,607.0,7537.0,20.3
Columba bollii,28.523972,-16.291825,Spain,2025-05-03,679.0,7130.0,19.0
Columba bollii,28.352266,-16.814443,Spain,2025-05-13,337.0,6124.0,20.9
Columba bollii,28.328664,-16.807782,Spain,2025-05-16,998.0,6819.0,17.4
Columba bollii,28.329337,-16.810091,Spain,2025-05-16,1015.0,6819.0,17.4
Columba bollii,28.329485,-16.809912,Spain,2025-05-06,1025.0,6819.0,17.4
Columba bollii,28.329149,-16.808958,Spain,2025-05-22,1023.0,6819.0,17.4
Columba bollii,28.329405,-16.810049,Spain,2025-05-24,1015.0,6819.0,17.4
Columba bollii,28.329286,-16.810218,Spain,2025-05-24,1015.0,6819.0,17.4
Columba bollii,28.32852,-16.808485,Spain,2025-05-24,1023.0,6819.0,17.4
Columba bollii,28.329336,-16.810141,Spain,2025-05-24,1015.0,6819.0,17.4
Columba bollii,28.328293,-16.807178,Spain,2025-05-24,991.0,6320.0,17.4
Columba bollii,28.329346,-16.810101,Spain,2025-05-29,1015.0,6819.0,17.4
Columba bollii,28.328396,-16.807095,Spain,2025-05-29,991.0,6320.0,17.4
Columba bollii,28.329717,-16.809522,Spain,2025-05-01,1025.0,6819.0,17.4
Columba bollii,28.330107,-16.809356,Spain,2025-05-01,999.0,7411.0,17.4
Columba bollii,28.79611,-17.790304,Spain,2025-06-02,354.0,8152.0,20.9
Columba bollii,28.791771,-17.801479,Spain,2025-06-02,568.0,8883.0,16.4
Columba bollii,28.138969,-17.223866,Spain,2025-06-15,1011.0,9005.0,20.9
Columba bollii,28.537997,-16.308403,Spain,2024-01-06T13:55:05Z,785.0,8250.0,19.0
Columba bollii,27.736064,-18.085944,Spain,2024-01-12T15:23Z,933.0,9349.0,19.2
Columba bollii,28.126501,-17.256495,Spain,2024-01-31T16:23Z,1252.0,8515.0,18.6
Columba bollii,28.766911,-17.769926,Spain,2024-01-15T06:14Z,372.0,6958.0,20.9
Columba bollii,28.135128,-17.219305,Spain,2024-01-02,1027.0,9150.0,20.9
Columba bollii,28.131638,-17.213867,Spain,2024-01-02,982.0,8993.0,20.9
Columba bollii,28.137146,-17.214984,Spain,2024-01-30,819.0,8269.0,20.9
Columba bollii,28.136535,-17.215135,Spain,2024-01-31,854.0,8709.0,20.9
Columba bollii,28.329439,-16.810099,Spain,2024-01-31,1015.0,6819.0,17.4
Columba bollii,28.32955,-16.809848,Spain,2024-01-31,1025.0,6819.0,17.4
Columba bollii,28.329395,-16.810093,Spain,2024-01-31,1015.0,6819.0,17.4
Columba bollii,28.122928,-17.215463,Spain,2024-01-15,1084.0,8901.0,20.0
Columba bollii,28.329363,-16.810053,Spain,2024-01-31,1015.0,6819.0,17.4
Columba bollii,28.366309,-16.817878,Spain,2024-02-12T14:20:27Z,108.0,5470.0,20.9
Columba bollii,28.126692,-17.257391,Spain,2024-02-01,1251.0,8515.0,18.6
Columba bollii,28.126688,-17.257643,Spain,2024-02-01,1251.0,8515.0,18.6
Columba bollii,28.557423,-16.172342,Spain,2024-02-11,804.0,8108.0,20.4
Columba bollii,28.330498,-16.810349,Spain,2024-02-23,981.0,7411.0,17.4
Columba bollii,28.191374,-17.287222,Spain,2024-02-12,705.0,7060.0,21.9
Columba bollii,28.174459,-17.291029,Spain,2024-02-12,819.0,5955.0,21.9
Columba bollii,28.15531,-17.274164,Spain,2024-02-10,738.0,7118.0,19.0
Columba bollii,28.124023,-17.222965,Spain,2024-02-09,948.0,8876.0,20.0
Columba bollii,28.32,-16.82,Spain,2024-02-20,1049.0,8196.0,17.4
Columba bollii,28.163078,-17.299508,Spain,2024-02-25,839.0,8412.0,22.2
Columba bollii,28.330261,-16.810337,Spain,2024-02-26,981.0,7411.0,17.4
Columba bollii,28.792923,-17.795484,Spain,2024-03-19T18:01Z,419.0,8466.0,20.9
Columba bollii,28.384584,-16.624846,Spain,2024-03-04,305.0,5879.0,21.7
Columba bollii,28.330664,-16.810259,Spain,2024-03-08,981.0,7411.0,17.4
Columba bollii,28.329409,-16.810085,Spain,2024-03-08,1015.0,6819.0,17.4
Columba bollii,28.552683,-16.27755,Spain,2024-03-07,633.0,6680.0,19.2
Columba bollii,28.569946,-16.163738,Spain,2024-03-11,631.0,7630.0,20.4
Columba bollii,28.570234,-16.166279,Spain,2024-03-11,615.0,8503.0,20.4
Columba bollii,28.327129,-16.812466,Spain,2024-03-16,1000.0,7519.0,17.4
Columba bollii,28.323692,-16.815857,Spain,2024-03-20,965.0,8112.0,17.4
Columba bollii,28.123552,-17.215876,Spain,2024-03-21,1060.0,8901.0,20.0
Columba bollii,28.53137,-16.28031,Spain,2024-03-24,944.0,8489.0,19.2
Columba bollii,28.539497,-16.274841,Spain,2024-03-24,853.0,8171.0,19.2
Columba bollii,28.136657,-17.215383,Spain,2024-03-27,854.0,8269.0,20.9
Columba bollii,28.153809,-17.236849,Spain,2024-03-28,854.0,8367.0,18.6
Columba bollii,28.766947,-17.769758,Spain,2024-03-16T00:00,372.0,6958.0,20.9
Columba bollii,28.530976,-16.283523,Spain,2024-04-02T10:36:21,936.0,8656.0,19.2
Columba bollii,28.152489,-17.24755,Spain,2024-04-20T10:55:29,973.0,8821.0,18.6
Columba bollii,28.825753,-17.823027,Spain,2024-04-22T11:01,420.0,7425.0,19.8
Columba bollii,28.151922,-17.2523,Spain,2024-04-20T09:51:07,986.0,8764.0,18.6
Columba bollii,28.793154,-17.794796,Spain,2024-04-10,419.0,8808.0,20.9
Columba bollii,28.793396,-17.793589,Spain,2024-04-10,398.0,8808.0,20.9
Columba bollii,28.797789,-17.787697,Spain,2024-04-10,316.0,7468.0,20.9
Columba bollii,28.754509,-17.782961,Spain,2024-04-11,791.0,8849.0,20.9
Columba bollii,28.140354,-17.286324,Spain,2024-04-06,1058.0,8916.0,19.0
Columba bollii,28.532841,-16.263878,Spain,2024-04-14,952.0,8209.0,19.2
Columba bollii,28.532841,-16.263878,Spain,2024-04-14,952.0,8209.0,19.2
Columba bollii,28.364745,-16.748797,Spain,2024-04-23,471.0,5255.0,19.4
Columba bollii,28.328987,-16.809048,Spain,2024-04-24,1023.0,6819.0,17.4
Columba bollii,28.334453,-16.798439,Spain,2024-04-25,938.0,7434.0,17.4
Columba bollii,28.356212,-16.7764,Spain,2024-04-28,609.0,6713.0,19.7
Columba bollii,28.360255,-16.770443,Spain,2024-04-29,551.0,6152.0,19.7
Columba bollii,28.328857,-16.80873,Spain,2024-05-02,1023.0,6819.0,17.4
Columba bollii,28.345157,-16.879731,Spain,2024-05-18,759.0,5705.0,21.4
Columba bollii,28.532524,-16.263778,Spain,2024-05-24,952.0,8209.0,19.2
Columba bollii,28.532913,-16.264052,Spain,2024-05-26,952.0,8209.0,19.2
Columba bollii,28.329455,-16.810232,Spain,2024-06-01,1015.0,6819.0,17.4
Columba bollii,28.76697,-17.770842,Spain,2024-07-01T16:29,396.0,7788.0,20.9
Columba bollii,28.766963,-17.77078,Spain,2024-07-01T16:33,396.0,7788.0,20.9
Columba bollii,28.316443,-16.82217,Spain,2024-07-27T16:50,1119.0,8339.0,17.4
Columba bollii,28.766642,-17.77071,Spain,2024-07-05,393.0,7788.0,20.9
Columba bollii,28.328409,-16.814575,Spain,2024-07-09,944.0,7504.0,17.4
Columba bollii,28.329955,-16.809127,Spain,2024-08-25,1012.0,6819.0,17.4
Columba bollii,28.329316,-16.809265,Spain,2024-08-25,1025.0,6819.0,17.4
Columba bollii,28.329294,-16.809587,Spain,2024-08-25,1025.0,6819.0,17.4
Columba bollii,28.759727,-17.773417,Spain,2024-08-27,639.0,8076.0,20.9
Columba bollii,28.329357,-16.810133,Spain,2024-09-15,1015.0,6819.0,17.4
Columba bollii,28.329401,-16.810104,Spain,2024-09-15,1015.0,6819.0,17.4
Columba bollii,28.329387,-16.810236,Spain,2024-09-15,1015.0,6819.0,17.4
Columba bollii,28.32934,-16.810114,Spain,2024-09-16,1015.0,6819.0,17.4
Columba bollii,28.32939,-16.810087,Spain,2024-09-16,1015.0,6819.0,17.4
Columba bollii,28.329458,-16.810158,Spain,2024-09-17,1015.0,6819.0,17.4
Columba bollii,28.316885,-16.769926,Spain,2024-09-19,1284.0,6934.0,15.8
Columba bollii,28.318499,-16.771561,Spain,2024-09-19,1260.0,8438.0,15.8
Columba bollii,28.136216,-17.215193,Spain,2024-10-29T09:44Z,854.0,8709.0,20.9
Columba bollii,28.765574,-17.772018,Spain,2024-10-06,427.0,6880.0,20.9
Columba bollii,28.764416,-17.771587,Spain,2024-10-06,432.0,6880.0,20.9
Columba bollii,28.765732,-17.772032,Spain,2024-10-09,427.0,6880.0,20.9
Columba bollii,28.613426,-17.835939,Spain,2024-10-10,1464.0,8843.0,17.0
Columba bollii,28.791542,-17.799446,Spain,2024-10-05,530.0,8959.0,20.9
Columba bollii,28.794228,-17.792498,Spain,2024-10-05,396.0,8494.0,20.9
Columba bollii,28.795094,-17.791399,Spain,2024-10-05,362.0,8494.0,20.9
Columba bollii,28.76391,-17.776775,Spain,2024-11-10T16:35:06Z,532.0,8762.0,20.9
Columba bollii,28.561757,-16.29068,Spain,2024-11-02,570.0,7664.0,20.1
Columba bollii,28.562398,-16.290795,Spain,2024-11-03,583.0,7664.0,20.1
Columba bollii,28.551354,-16.263269,Spain,2024-11-03,652.0,7510.0,19.2
Columba bollii,28.53255,-16.263794,Spain,2024-11-04,952.0,8209.0,19.2
Columba bollii,28.329357,-16.810152,Spain,2024-11-02,1015.0,6819.0,17.4
Columba bollii,28.32493,-16.849454,Spain,2024-11-07,765.0,7441.0,20.1
Columba bollii,28.755169,-17.765579,Spain,2024-11-15,551.0,8507.0,20.9
Columba bollii,28.13611,-17.214629,Spain,2024-11-19,825.0,8709.0,20.9
Columba bollii,28.135925,-17.214617,Spain,2024-11-19,828.0,8709.0,20.9
Columba bollii,28.529627,-16.290689,Spain,2024-11-10,868.0,8181.0,19.2
Columba bollii,28.376524,-16.624863,Spain,2024-11-17,621.0,7388.0,21.7
Columba bollii,28.530797,-16.284823,Spain,2024-12-01T14:26:27Z,934.0,8565.0,19.2
Columba bollii,28.329389,-16.809938,Spain,2024-12-03T15:23Z,1025.0,6819.0,17.4
Columba bollii,28.528461,-16.065136,Spain,2024-12-08T13:12Z,,,
Columba bollii,28.407984,-16.439237,Spain,2024-12-19T17:01Z,1277.0,5138.0,14.6
Columba bollii,28.335094,-16.845702,Spain,2024-12-30T14:23:40Z,590.0,7286.0,20.1
Columba bollii,28.331089,-16.810171,Spain,2024-12-06,960.0,7411.0,17.4
Columba bollii,28.328768,-16.807615,Spain,2024-12-06,998.0,6320.0,17.4
Columba bollii,28.313429,-16.758543,Spain,2024-12-02,1314.0,6915.0,15.8
Columba bollii,28.75542,-17.780249,Spain,2024-12-16,751.0,9049.0,20.9
Columba bollii,28.286749,-16.767497,Spain,2024-12-19,1446.0,6324.0,15.9
Columba bollii,28.329458,-16.810117,Spain,2024-12-25,1015.0,6819.0,17.4
Columba bollii,28.322482,-16.821961,Spain,2024-12-25,980.0,8607.0,17.4
Columba bollii,28.329495,-16.810075,Spain,2024-12-25,1015.0,6819.0,17.4
Columba bollii,28.328767,-16.807548,Spain,2024-12-25,991.0,6320.0,17.4
Columba bollii,28.336211,-16.5314,Spain,2024-12-26,1502.0,6323.0,11.3
Columba bollii,28.329391,-16.810015,Spain,2024-12-30,1015.0,6819.0,17.4
Columba bollii,28.329309,-16.810211,Spain,2024-12-31,1015.0,6819.0,17.4
Plecotus teneriffae,28.391112,-16.759244,Spain,2021-12-10T17:25,,,
Plecotus teneriffae,28.259363,-16.770092,Spain,2021-12-10,1292.0,5452.0,18.5
Plecotus teneriffae,28.259411,-16.770046,Spain,2021-12-10,1292.0,5452.0,18.5
Plecotus teneriffae,28.259363,-16.770092,Spain,2021-12-10,1292.0,5452.0,18.5
Plecotus teneriffae,28.166749,-16.637518,Spain,2017-12-15,1492.0,6302.0,12.1
Plecotus teneriffae,28.167617,-16.637555,Spain,2010-11-17,1533.0,6302.0,12.1
Plecotus teneriffae,28.167617,-16.637555,Spain,2010-11-17,1533.0,6302.0,12.1
Plecotus teneriffae,28.43,-16.280001,Spain,2007,,2695.0,22.8
Plecotus teneriffae,28.33,-16.379999,Spain,2007,103.0,1964.0,22.6
Plecotus teneriffae,28.42,-16.379999,Spain,2007,1020.0,7222.0,16.3
Plecotus teneriffae,28.24,-16.48,Spain,2007,1004.0,3498.0,18.3
Plecotus teneriffae,28.33,-16.48,Spain,2007,2144.0,1933.0,12.5
Plecotus teneriffae,28.42,-16.48,Spain,2007,428.0,5194.0,21.3
Plecotus teneriffae,28.15,-16.58,Spain,2007,1000.0,4890.0,16.7
Plecotus teneriffae,28.24,-16.58,Spain,2007,2148.0,2291.0,10.8
Plecotus teneriffae,28.33,-16.58,Spain,2007,1612.0,3783.0,11.7
Plecotus teneriffae,28.42,-16.58,Spain,2007,,,
Plecotus teneriffae,28.15,-16.68,Spain,2007,1271.0,4754.0,16.8
Plecotus teneriffae,28.24,-16.68,Spain,2007,2167.0,2392.0,11.7
Plecotus teneriffae,28.33,-16.68,Spain,2007,1158.0,7217.0,14.2
Plecotus teneriffae,28.42,-16.68,Spain,2007,,,
Plecotus teneriffae,28.24,-16.780001,Spain,2007,923.0,4497.0,18.5
Plecotus teneriffae,28.33,-16.790001,Spain,2007,1071.0,6397.0,15.8
Plecotus teneriffae,28.68,-17.709999,Spain,2007,,,
Plecotus teneriffae,28.77,-17.709999,Spain,2007,,,22.7
Plecotus teneriffae,28.49,-17.809999,Spain,2007,,,20.8
Plecotus teneriffae,28.58,-17.809999,Spain,2007,1177.0,7816.0,17.6
Plecotus teneriffae,28.67,-17.809999,Spain,2007,759.0,8218.0,17.8
Plecotus teneriffae,28.76,-17.82,Spain,2007,1561.0,9047.0,16.4
Plecotus teneriffae,27.77,-17.889999,Spain,2007,,,23.7
Plecotus teneriffae,28.58,-17.91,Spain,2007,,,
Plecotus teneriffae,28.67,-17.92,Spain,2007,439.0,5237.0,20.5
Plecotus teneriffae,27.68,-17.99,Spain,2007,514.0,2863.0,21.7
Plecotus teneriffae,27.77,-17.99,Spain,2007,685.0,4400.0,19.4
Plecotus teneriffae,28.053141,-16.71757,Spain,1978-01-08,20.0,,23.3
Plecotus teneriffae,27.77,-18.11,Spain,,,,23.3
Plecotus teneriffae,27.68,-18.01,Spain,,415.0,1793.0,21.7
Plecotus teneriffae,27.77,-18.01,Spain,,94.0,4128.0,19.4
Plecotus teneriffae,27.68,-17.99,Spain,,514.0,2863.0,21.7
Plecotus teneriffae,27.77,-17.99,Spain,,685.0,4400.0,19.4
Plecotus teneriffae,27.77,-17.89,Spain,,,,23.7
Plecotus teneriffae,28.58,-17.91,Spain,,,,
Plecotus teneriffae,28.67,-17.92,Spain,,439.0,5237.0,20.5
Plecotus teneriffae,28.49,-17.81,Spain,,,,20.8
Plecotus teneriffae,28.58,-17.81,Spain,,1177.0,7816.0,17.6
Plecotus teneriffae,28.67,-17.81,Spain,,759.0,8218.0,17.8
Plecotus teneriffae,28.76,-17.82,Spain,,1561.0,9047.0,16.4
Plecotus teneriffae,28.68,-17.71,Spain,,,,
Plecotus teneriffae,28.77,-17.71,Spain,,,,22.7
Plecotus teneriffae,28.24,-16.78,Spain,,923.0,4497.0,18.5
Plecotus teneriffae,28.33,-16.79,Spain,,1071.0,6397.0,15.8
Plecotus teneriffae,28.15,-16.68,Spain,,1271.0,4754.0,16.8
Plecotus teneriffae,28.24,-16.68,Spain,,2167.0,2392.0,11.7
Plecotus teneriffae,28.33,-16.68,Spain,,1158.0,7217.0,14.2
Plecotus teneriffae,28.42,-16.68,Spain,,,,
Plecotus teneriffae,28.15,-16.58,Spain,,1000.0,4890.0,16.7
Plecotus teneriffae,28.24,-16.58,Spain,,2148.0,2291.0,10.8
Plecotus teneriffae,28.33,-16.58,Spain,,1612.0,3783.0,11.7
Plecotus teneriffae,28.42,-16.58,Spain,,,,
Plecotus teneriffae,28.24,-16.48,Spain,,1004.0,3498.0,18.3
Plecotus teneriffae,28.33,-16.48,Spain,,2144.0,1933.0,12.5
Plecotus teneriffae,28.42,-16.48,Spain,,428.0,5194.0,21.3
Plecotus teneriffae,28.33,-16.38,Spain,,103.0,1964.0,22.6
Plecotus teneriffae,28.42,-16.38,Spain,,1020.0,7222.0,16.3
Plecotus teneriffae,28.43,-16.28,Spain,,,2695.0,22.8
Plecotus teneriffae,37.87,-6.03,Spain,,337.0,7063.0,13.4
Plecotus teneriffae,42.77,-2.45,Spain,,813.0,5868.0,9.3
Crocidura canariensis,29.049999,-13.41,Spain,2007,,,
Crocidura canariensis,28.959999,-13.51,Spain,2007,,,22.9
Crocidura canariensis,29.059999,-13.51,Spain,2007,198.0,1000.0,21.7
Crocidura canariensis,29.15,-13.51,Spain,2007,347.0,2372.0,21.1
Crocidura canariensis,29.33,-13.51,Spain,2007,,,23.1
Crocidura canariensis,28.969999,-13.61,Spain,2007,121.0,1131.0,22.4
Crocidura canariensis,29.059999,-13.61,Spain,2007,185.0,718.0,22.1
Crocidura canariensis,28.969999,-13.72,Spain,2007,322.0,520.0,21.3
Crocidura canariensis,29.059999,-13.72,Spain,2007,137.0,560.0,22.2
Crocidura canariensis,28.790001,-13.82,Spain,2007,,,23.1
Crocidura canariensis,28.879999,-13.82,Spain,2007,27.0,823.0,22.8
Crocidura canariensis,28.969999,-13.82,Spain,2007,54.0,868.0,22.5
Crocidura canariensis,28.25,-13.93,Spain,2007,146.0,508.0,22.9
Crocidura canariensis,28.34,-13.93,Spain,2007,123.0,486.0,22.6
Crocidura canariensis,28.43,-13.93,Spain,2007,186.0,706.0,22.2
Crocidura canariensis,28.52,-13.93,Spain,2007,292.0,1208.0,21.6
Crocidura canariensis,28.610001,-13.93,Spain,2007,223.0,1109.0,21.9
Crocidura canariensis,28.700001,-13.93,Spain,2007,140.0,1574.0,23.3
Crocidura canariensis,28.25,-14.03,Spain,2007,44.0,987.0,23.1
Crocidura canariensis,28.34,-14.03,Spain,2007,204.0,1337.0,21.5
Crocidura canariensis,28.43,-14.03,Spain,2007,309.0,1379.0,20.6
Crocidura canariensis,28.52,-14.03,Spain,2007,142.0,928.0,22.5
Crocidura canariensis,28.610001,-14.03,Spain,2007,56.0,1440.0,
Crocidura canariensis,28.700001,-14.03,Spain,2007,,,
Crocidura canariensis,28.25,-14.13,Spain,2007,138.0,1049.0,23.1
Crocidura canariensis,28.34,-14.13,Spain,2007,223.0,1040.0,21.9
Crocidura canariensis,28.43,-14.13,Spain,2007,177.0,752.0,21.8
Crocidura canariensis,28.16,-14.24,Spain,2007,138.0,966.0,23.3
Crocidura canariensis,28.07,-14.34,Spain,2007,131.0,832.0,23.1
Crocidura canariensis,28.07,-14.44,Spain,2007,16.0,,23.4
Crocidura canariensis,28.1019,-14.3556,Spain,1992-07-02,784.0,1984.0,21.7
