species,latitude,longitude,country,date
Gallotia,29.157438,-13.431705,Spain,2025-01-01T14:39:59Z
Gallotia,27.679537,-15.497489,Spain,2025-01-01T12:06Z
Gallotia,28.00998,-15.724582,Spain,2025-01-03T13:40:21Z
Gallotia,28.117675,-15.758494,Spain,2025-01-03T13:42:13Z
Gallotia,28.52567,-14.005438,Spain,2025-01-03T13:20Z
Gallotia,28.460133,-17.850492,Spain,2025-01-04T14:17:40Z
Gallotia,28.057256,-16.721884,Spain,2025-01-04T16:51Z
Gallotia,28.75055,-13.822814,Spain,2025-01-04T13:08:17Z
Gallotia,28.77221,-17.766391,Spain,2025-01-05T14:06:43Z
Gallotia,28.812733,-17.779926,Spain,2025-01-06T14:42:50Z
Gallotia,28.796327,-17.794371,Spain,2025-01-06T10:00:13Z
Gallotia,28.164688,-14.221788,Spain,2025-01-07T10:22:55Z
Gallotia,28.832665,-17.847842,Spain,2025-01-07T12:02:20Z
Gallotia,28.739536,-17.745954,Spain,2025-01-08
Gallotia,28.694252,-17.782625,Spain,2025-01-08T13:38:26Z
Gallotia,28.263408,-16.588572,Spain,2025-01-08T12:59:46Z
Gallotia,28.482938,-17.851508,Spain,2025-01-09T13:22:10Z
Gallotia,28.186071,-14.168441,Spain,2025-01-09
Gallotia,28.759934,-17.869424,Spain,2025-01-09T10:55:45Z
Gallotia,28.793523,-17.926415,Spain,2025-01-09T16:45:39Z
Gallotia,28.79194,-17.926741,Spain,2025-01-09T16:28:56Z
Gallotia,28.75995,-17.862379,Spain,2025-01-09T13:49:13Z
Gallotia,28.645191,-17.758273,Spain,2025-01-10T13:16:30Z
Gallotia,28.742397,-13.825887,Spain,2025-01-10T15:10:03Z
Gallotia,28.451458,-16.255092,Spain,2025-01-10T14:16:41Z
Gallotia,28.135253,-15.664917,Spain,2025-01-10T13:14Z
Gallotia,28.19228,-15.412659,Spain,2025-01-09T14:29Z
Gallotia,28.452295,-16.256355,Spain,2025-01-10
Gallotia,28.388704,-14.099982,Spain,2025-01-10T12:43:43Z
Gallotia,28.182927,-14.164875,Spain,2025-01-09T13:27:21Z
Gallotia,28.693306,-17.899323,Spain,2025-01-12T14:25:05Z
Gallotia,28.653634,-17.780667,Spain,2025-01-11T13:07Z
Gallotia,28.737544,-13.821919,Spain,2025-01-13T13:45:26Z
Gallotia,28.305292,-16.566895,Spain,2025-01-11T15:28:40Z
Gallotia,28.651517,-17.774161,Spain,2025-01-14T09:52Z
Gallotia,27.952124,-15.562299,Spain,2025-01-12T14:55:33Z
Gallotia,28.569851,-16.158518,Spain,2025-01-17T14:51:01Z
Gallotia,28.36693,-16.722095,Spain,2025-01-15T13:02:56Z
Gallotia,28.227338,-16.637925,Spain,2025-01-19T15:25:45Z
Gallotia,28.227378,-16.637971,Spain,2025-01-19T15:21:06Z
Gallotia,28.644636,-17.811176,Spain,2025-01-17T16:24Z
Gallotia,28.718479,-17.928218,Spain,2025-01-17T15:33Z
Gallotia,28.607059,-17.92319,Spain,2025-01-17T15:32Z
Gallotia,28.653748,-17.834286,Spain,2025-01-17T15:24Z
Gallotia,28.609991,-17.824059,Spain,2025-01-17T14:57Z
Gallotia,28.690815,-17.903294,Spain,2025-01-17T14:57Z
Gallotia,28.742015,-17.979456,Spain,2025-01-17T14:55Z
Gallotia,28.710609,-17.945134,Spain,2025-01-17T14:53Z
Gallotia,28.730886,-17.984647,Spain,2025-01-17T14:52Z
Gallotia,28.725085,-17.941387,Spain,2025-01-17T14:47Z
Gallotia,28.048689,-16.577707,Spain,2025-01-20T10:48:38Z
Gallotia,28.398492,-16.555491,Spain,2025-01-17T11:21Z
Gallotia,28.238529,-16.84506,Spain,2025-01-20T14:29:40Z
Gallotia,28.371372,-16.770113,Spain,2025-01-03T12:54Z
Gallotia,28.371372,-16.770113,Spain,2025-01-03T12:56Z
Gallotia,28.371188,-16.870567,Spain,2025-01-03T15:14Z
Gallotia,28.361273,-16.89508,Spain,2025-01-20T13:42Z
Gallotia,28.050751,-15.48377,Spain,2025-01-21T12:44:18Z
Gallotia,28.738078,-13.818328,Spain,2025-01-23T12:28:37Z
Gallotia,28.416878,-16.519357,Spain,2025-01-06T13:00Z
Gallotia,28.417943,-16.51876,Spain,2025-01-06T13:08Z
Gallotia,28.418944,-16.518252,Spain,2025-01-06T13:13Z
Gallotia,28.009155,-16.664016,Spain,2025-01-23T12:38Z
Gallotia,27.742316,-15.563732,Spain,2025-01-23T13:42:17Z
Gallotia,28.269791,-16.642859,Spain,2025-01-25T14:40:54Z
Gallotia,28.361725,-16.814887,Spain,2025-01-25T11:13:19Z
Gallotia,28.037011,-16.70005,Spain,2025-01-25T20:25:40Z
Gallotia,28.375897,-16.808257,Spain,2025-01-26T12:56:18Z
Gallotia,27.769615,-15.473208,Spain,2025-01-26T11:45:21Z
Gallotia,28.372481,-16.769689,Spain,2025-01-07T14:37:05Z
Gallotia,28.651931,-17.773367,Spain,2025-01-02T11:20Z
Gallotia,28.651633,-17.774094,Spain,2025-01-10T09:59Z
Gallotia,28.548929,-16.264989,Spain,2025-01-26T13:05:07Z
Gallotia,28.554094,-16.263978,Spain,2025-01-26T13:54:58Z
Gallotia,28.554053,-16.263964,Spain,2025-01-26T14:37:09Z
Gallotia,28.201968,-17.253808,Spain,2025-01-27T11:46Z
Gallotia,28.301237,-16.371858,Spain,2025-01-23T13:38Z
Gallotia,28.039278,-16.697832,Spain,2025-01-25T20:28Z
Gallotia,28.55376,-16.265792,Spain,2025-01-26T13:03Z
Gallotia,28.651764,-17.773917,Spain,2025-01-02T11:38Z
Gallotia,28.526419,-16.280645,Spain,2025-01-25T11:13Z
Gallotia,28.451762,-16.256516,Spain,2025-01-25T16:57Z
Gallotia,28.312815,-16.370957,Spain,2025-01-26T12:59Z
Gallotia,28.417843,-16.552691,Spain,2025-01-27T10:51Z
Gallotia,27.723272,-15.549529,Spain,2025-01-25T11:44:52Z
Gallotia,28.304575,-16.566422,Spain,2025-01-24T12:47Z
Gallotia,28.381058,-16.571424,Spain,2025-01-25T12:55Z
Gallotia,28.299212,-16.372669,Spain,2025-01-23T16:32Z
Gallotia,28.390834,-16.626749,Spain,2025-01-28T12:13:38Z
Gallotia,28.365328,-16.887119,Spain,2025-01-26T15:32Z
Gallotia,28.750956,-17.890975,Spain,2025-01-14T18:53Z
Gallotia,28.603022,-17.802945,Spain,2025-01-14T18:34Z
Gallotia,28.756086,-17.86732,Spain,2025-01-14T17:54Z
Gallotia,28.605373,-17.829328,Spain,2025-01-14T17:34Z
Gallotia,28.553198,-16.265135,Spain,2025-01-26T13:54:58Z
Gallotia,28.568102,-16.308584,Spain,2025-01-26T10:50Z
Gallotia,28.387595,-16.628565,Spain,2025-01-29T10:30Z
Gallotia,28.416657,-16.529705,Spain,2025-01-11T10:49Z
Gallotia,28.415804,-16.525001,Spain,2025-01-12T10:27Z
Gallotia,28.342645,-16.856588,Spain,2025-01-26T09:51:21Z
Gallotia,28.417056,-16.522627,Spain,2025-01-14T12:35Z
Gallotia,28.416442,-16.531801,Spain,2025-01-16T14:41Z
Gallotia,29.00285,-13.547044,Spain,2025-01-27T12:51:45Z
Gallotia,28.9889,-13.817544,Spain,2025-01-28T13:04:07Z
Gallotia,29.039464,-13.734714,Spain,2025-01-31T14:39:04Z
Gallotia,28.410562,-16.547919,Spain,2025-01-18T11:10Z
Gallotia,28.414478,-16.532139,Spain,2025-01-25T11:58Z
Gallotia,28.412767,-16.559116,Spain,2025-01-26T16:12Z
Gallotia,28.679306,-17.914372,Spain,2025-01-14T16:46Z
Gallotia,28.615623,-17.941636,Spain,2025-01-14T16:45Z
Gallotia,28.415914,-16.528665,Spain,2025-01-27T11:53Z
Gallotia,28.613223,-17.675128,Spain,2025-01-11T13:00Z
Gallotia,28.410708,-16.548249,Spain,2025-01-31T14:45Z
Gallotia,28.413911,-16.55853,Spain,2025-01-31T17:48Z
Gallotia,28.304497,-16.568782,Spain,2025-01-25T16:50Z
Gallotia,28.330404,-16.857133,Spain,2025-01-27T14:39Z
Gallotia,27.629022,-15.584448,Spain,2025-01-28T12:47Z
Gallotia,28.285227,-16.766104,Spain,2025-01-28T13:51Z
Gallotia,28.558624,-16.264923,Spain,2025-01-01
Gallotia,28.04832,-16.578383,Spain,2025-01-02
Gallotia,28.037507,-16.548328,Spain,2025-01-02
Gallotia,28.474967,-17.851853,Spain,2025-01-03
Gallotia,28.472105,-16.446982,Spain,2025-01-03
Gallotia,28.472103,-16.44693,Spain,2025-01-03
Gallotia,28.472106,-16.44697,Spain,2025-01-03
Gallotia,28.415778,-16.528635,Spain,2025-01-04
Gallotia,28.026373,-16.703417,Spain,2025-01-04
Gallotia,28.026389,-16.703437,Spain,2025-01-04
Gallotia,28.027224,-16.704268,Spain,2025-01-04
Gallotia,28.02807,-16.704408,Spain,2025-01-04
Gallotia,28.028208,-16.704492,Spain,2025-01-04
Gallotia,28.029187,-16.704388,Spain,2025-01-04
Gallotia,28.030246,-16.704162,Spain,2025-01-04
Gallotia,28.031361,-16.705572,Spain,2025-01-04
Gallotia,28.029735,-16.704738,Spain,2025-01-04
Gallotia,28.376698,-16.626165,Spain,2025-01-05
Gallotia,28.031667,-16.544444,Spain,2025-01-06
Gallotia,28.401362,-16.580686,Spain,2025-01-06
Gallotia,28.401357,-16.580687,Spain,2025-01-06
Gallotia,28.411315,-16.547683,Spain,2025-01-06
Gallotia,28.826742,-17.950862,Spain,2025-01-08
Gallotia,27.737055,-15.602585,Spain,2025-01-08
Gallotia,28.372225,-16.76545,Spain,2025-01-08
Gallotia,27.744008,-15.596758,Spain,2025-01-08
Gallotia,28.316278,-16.367472,Spain,2025-01-09
Gallotia,28.57009,-16.320443,Spain,2025-01-09
Gallotia,28.395737,-16.651645,Spain,2025-01-09
Gallotia,28.458156,-16.463907,Spain,2025-01-09
Gallotia,27.930954,-15.75012,Spain,2025-01-09
Gallotia,28.305097,-16.56557,Spain,2025-01-09
Gallotia,28.305287,-16.565505,Spain,2025-01-09
Gallotia,28.305392,-16.567023,Spain,2025-01-09
Gallotia,28.567962,-16.320443,Spain,2025-01-11
Gallotia,28.568626,-16.32081,Spain,2025-01-11
Gallotia,28.568626,-16.32081,Spain,2025-01-11
Gallotia,28.568626,-16.32081,Spain,2025-01-11
Gallotia,28.409583,-16.538575,Spain,2025-01-11
Gallotia,27.813332,-15.582101,Spain,2025-01-11
Gallotia,27.885296,-15.534465,Spain,2025-01-11
Gallotia,28.256342,-16.623907,Spain,2025-01-12
Gallotia,28.823059,-17.893583,Spain,2025-01-12
Gallotia,28.400187,-16.673183,Spain,2025-01-12
Gallotia,28.400187,-16.673183,Spain,2025-01-12
Gallotia,27.958752,-15.41724,Spain,2025-01-12
Gallotia,27.958631,-15.417321,Spain,2025-01-12
Gallotia,28.314562,-16.59591,Spain,2025-01-12
Gallotia,28.043966,-16.70905,Spain,2025-01-12
Gallotia,27.966452,-15.584447,Spain,2025-01-13
Gallotia,28.461428,-17.845406,Spain,2025-01-12
Gallotia,28.160582,-16.633831,Spain,2025-01-15
Gallotia,28.553809,-16.34825,Spain,2025-01-15
Gallotia,28.304865,-16.373963,Spain,2025-01-15
Gallotia,27.737106,-15.602765,Spain,2025-01-15
Gallotia,28.595278,-17.888658,Spain,2025-01-16
Gallotia,28.418016,-16.551527,Spain,2025-01-16
Gallotia,28.452719,-16.258293,Spain,2025-01-16
Gallotia,28.805028,-17.761295,Spain,2025-01-16
Gallotia,28.391244,-16.626667,Spain,2025-01-16
Gallotia,28.253095,-16.624433,Spain,2025-01-15
Gallotia,28.061086,-16.716536,Spain,2025-01-18
Gallotia,28.395602,-16.589739,Spain,2025-01-18
Gallotia,27.809104,-15.743993,Spain,2025-01-18
Gallotia,27.7616,-15.562333,Spain,2025-01-18
Gallotia,28.061092,-16.716453,Spain,2025-01-18
Gallotia,28.061025,-16.717203,Spain,2025-01-19
Gallotia,28.061539,-16.71594,Spain,2025-01-19
Gallotia,28.396962,-16.591208,Spain,2025-01-20
Gallotia,28.068799,-14.505455,Spain,2025-01-20
Gallotia,27.765431,-15.551362,Spain,2025-01-20
Gallotia,27.736202,-15.600935,Spain,2025-01-20
Gallotia,28.060971,-16.716385,Spain,2025-01-22
Gallotia,28.697242,-13.918938,Spain,2025-01-23
Gallotia,28.697287,-13.91893,Spain,2025-01-23
Gallotia,27.737075,-15.602628,Spain,2025-01-23
Gallotia,28.98078,-13.645457,Spain,2025-01-24
Gallotia,28.978272,-13.640883,Spain,2025-01-24
Gallotia,28.302567,-16.573477,Spain,2025-01-24
Gallotia,28.74,-13.88,Spain,2025-01-24
Gallotia,27.744027,-15.596748,Spain,2025-01-24
Gallotia,28.764297,-13.816197,Spain,2025-01-25
Fringilla polatzeki,27.882075,-15.481701,Spain,2025-01-04T16:24:23Z
Fringilla polatzeki,27.802805,-15.692988,Spain,2025-01-07T11:41Z
Fringilla polatzeki,27.840171,-15.540595,Spain,2025-04-15T16:02
Fringilla polatzeki,27.877188,-15.464955,Spain,2024-05-18T12:18
Fringilla polatzeki,27.92201,-15.417474,Spain,2024-05-18T12:18
Fringilla polatzeki,27.969639,-15.58254,Spain,2024-05-18T12:18
Fringilla polatzeki,27.922095,-15.530839,Spain,2024-05-18T12:18
Fringilla polatzeki,27.926935,-15.599161,Spain,2024-06-08T14:16
Fringilla polatzeki,27.815107,-15.510653,Spain,2024-06-08T14:15
Fringilla polatzeki,27.867041,-15.485931,Spain,2024-07-22T14:55
Fringilla polatzeki,27.886151,-15.476176,Spain,2024-07-22T14:58
Fringilla polatzeki,27.93321,-15.557823,Spain,2024-11-20T17:51:28Z
Fringilla polatzeki,27.850375,-15.60084,Spain,2024-11-26T12:26Z
Fringilla polatzeki,27.915867,-15.750314,Spain,2024-11-26T12:35Z
Fringilla polatzeki,27.942894,-15.55123,Spain,2024-11-26T15:12Z
Fringilla polatzeki,27.867441,-15.579773,Spain,2024-11-26T15:21Z
Fringilla polatzeki,27.966116,-15.584664,Spain,2023-01-04
Fringilla polatzeki,27.970346,-15.612688,Spain,2023-01-08
Fringilla polatzeki,27.970346,-15.612688,Spain,2023-01-08
Fringilla polatzeki,27.944025,-15.694351,Spain,2023-01-01
Fringilla polatzeki,27.970346,-15.612688,Spain,2023-01-29
Fringilla polatzeki,27.966116,-15.584664,Spain,2023-02-03
Fringilla polatzeki,27.966116,-15.584664,Spain,2023-02-13
Fringilla polatzeki,27.966116,-15.584664,Spain,2023-02-14
Fringilla polatzeki,27.951714,-15.65189,Spain,2023-02-16
Fringilla polatzeki,27.931227,-15.67752,Spain,2023-02-13
Fringilla polatzeki,27.966116,-15.584664,Spain,2023-02-17
Fringilla polatzeki,27.966116,-15.584664,Spain,2023-03-04
Fringilla polatzeki,27.966116,-15.584664,Spain,2023-03-04
Fringilla polatzeki,27.966726,-15.583581,Spain,2023-03-09
Fringilla polatzeki,27.960989,-15.589557,Spain,2023-03-09
Fringilla polatzeki,27.966116,-15.584664,Spain,2023-03-07
Fringilla polatzeki,27.966116,-15.584664,Spain,2023-03-12
Fringilla polatzeki,27.966116,-15.584664,Spain,2023-03-15
Fringilla polatzeki,27.966116,-15.584664,Spain,2023-03-15
Fringilla polatzeki,27.951714,-15.65189,Spain,2023-03-20
Fringilla polatzeki,27.96105,-15.589514,Spain,2023-03-18
Fringilla polatzeki,27.942646,-15.66897,Spain,2023-03-21
Fringilla polatzeki,27.96105,-15.589514,Spain,2023-03-25
Fringilla polatzeki,27.923147,-15.670699,Spain,2023-03-26
Fringilla polatzeki,27.942646,-15.66897,Spain,2023-03-21
Fringilla polatzeki,27.951714,-15.65189,Spain,2023-03-20
Fringilla polatzeki,27.966116,-15.584664,Spain,2023-05-06
Fringilla polatzeki,27.966116,-15.584664,Spain,2023-05-13
Fringilla polatzeki,27.966116,-15.584664,Spain,2023-05-29
Fringilla polatzeki,27.966116,-15.584664,Spain,2023-05-31
Fringilla polatzeki,27.96127,-15.584363,Spain,2023-05-01
Fringilla polatzeki,27.936111,-15.666739,Spain,2023-05-01
Fringilla polatzeki,27.960382,-15.589264,Spain,2023-05-02
Fringilla polatzeki,27.966116,-15.584664,Spain,2023-06-04
Fringilla polatzeki,27.966116,-15.584664,Spain,2023-06-03
Fringilla polatzeki,27.96105,-15.589514,Spain,2023-06-12
Fringilla polatzeki,27.96105,-15.589514,Spain,2023-06-12
Fringilla polatzeki,27.96105,-15.589514,Spain,2023-06-28
Fringilla polatzeki,27.966116,-15.584664,Spain,2023-06-30
Fringilla polatzeki,27.966116,-15.584664,Spain,2023-06-30
Fringilla polatzeki,27.96105,-15.589514,Spain,2023-07-01
Fringilla polatzeki,27.96105,-15.589514,Spain,2023-07-05
Fringilla polatzeki,27.966116,-15.584664,Spain,2023-07-27
Fringilla polatzeki,27.96105,-15.589514,Spain,2023-07-31
Fringilla polatzeki,27.966116,-15.584664,Spain,2023-07-31
Fringilla polatzeki,27.966116,-15.584664,Spain,2023-07-31
Fringilla polatzeki,27.966116,-15.584664,Spain,2023-07-31
Fringilla polatzeki,27.966116,-15.584664,Spain,2023-07-31
Fringilla polatzeki,27.96105,-15.589514,Spain,2023-07-31
Fringilla polatzeki,27.96105,-15.589514,Spain,2023-07-31
Fringilla polatzeki,27.96105,-15.589514,Spain,2023-07-31
Fringilla polatzeki,27.966116,-15.584664,Spain,2023-07-31
Fringilla polatzeki,27.96105,-15.589514,Spain,2023-07-31
Fringilla polatzeki,27.966116,-15.584664,Spain,2023-07-31
Fringilla polatzeki,27.96105,-15.589514,Spain,2023-08-05
Fringilla polatzeki,27.966116,-15.584664,Spain,2023-08-17
Fringilla polatzeki,27.96105,-15.589514,Spain,2023-09-01
Fringilla polatzeki,27.966116,-15.584664,Spain,2023-09-14
Fringilla polatzeki,27.96105,-15.589514,Spain,2023-09-14
Fringilla polatzeki,27.966116,-15.584664,Spain,2023-09-28
Fringilla polatzeki,27.958742,-15.590644,Spain,2023-10-09
Fringilla polatzeki,27.96105,-15.589514,Spain,2023-11-07
Fringilla polatzeki,27.966116,-15.584664,Spain,2023-11-08
Fringilla polatzeki,27.943987,-15.664331,Spain,2023-11-12
Fringilla polatzeki,27.931995,-15.676987,Spain,2023-11-13
Fringilla polatzeki,27.966116,-15.584664,Spain,2023-11-14
Fringilla polatzeki,27.966116,-15.584664,Spain,2023-11-14
Fringilla polatzeki,27.96105,-15.589514,Spain,2023-11-17
Fringilla polatzeki,27.966116,-15.584664,Spain,2023-11-30
Fringilla polatzeki,27.931995,-15.676987,Spain,2023-11-13
Fringilla polatzeki,27.82419,-15.450059,Spain,2023-12-16T14:13Z
Fringilla polatzeki,27.99083,-15.760116,Spain,2023-12-07T10:14:37Z
Fringilla polatzeki,27.966116,-15.584664,Spain,2023-12-07
Fringilla polatzeki,27.951714,-15.65189,Spain,2023-12-09
Fringilla polatzeki,27.951714,-15.65189,Spain,2023-12-09
Fringilla polatzeki,27.966116,-15.584664,Spain,2023-12-16
Fringilla polatzeki,27.966116,-15.584664,Spain,2023-12-16
Fringilla polatzeki,27.966116,-15.584664,Spain,2023-12-18
Fringilla polatzeki,27.966116,-15.584664,Spain,2023-12-18
Fringilla polatzeki,27.966116,-15.584664,Spain,2023-12-18
Fringilla polatzeki,27.966116,-15.584664,Spain,2023-12-19
Fringilla polatzeki,27.966116,-15.584664,Spain,2023-12-27
Fringilla polatzeki,27.966116,-15.584664,Spain,2023-12-27
Fringilla polatzeki,27.966116,-15.584664,Spain,2023-12-29
Fringilla polatzeki,27.966116,-15.584664,Spain,2023-12-30
Fringilla polatzeki,27.966116,-15.584664,Spain,2023-12-30
Fringilla polatzeki,27.951714,-15.65189,Spain,2022-01-03
Fringilla polatzeki,27.927622,-15.677665,Spain,2022-01-05
Fringilla polatzeki,27.966116,-15.584664,Spain,2022-01-05
Fringilla polatzeki,27.938354,-15.673881,Spain,2022-01-21
Fringilla polatzeki,27.963891,-15.670742,Spain,2022-02-20T13:26
Fringilla polatzeki,27.897049,-15.70022,Spain,2022-02-20T12:52
Fringilla polatzeki,27.945585,-15.673598,Spain,2022-02-20
Fringilla polatzeki,27.945585,-15.673598,Spain,2022-02-20
Fringilla polatzeki,27.96105,-15.589514,Spain,2022-02-22
Fringilla polatzeki,27.943943,-15.669804,Spain,2022-02-25
Fringilla polatzeki,27.944948,-15.677399,Spain,2022-02-24
Fringilla polatzeki,27.944025,-15.694351,Spain,2022-03-06
Fringilla polatzeki,27.944025,-15.694351,Spain,2022-03-06
Fringilla polatzeki,27.96105,-15.589514,Spain,2022-03-26
Fringilla polatzeki,27.974094,-15.584219,Spain,2022-03-25
Fringilla polatzeki,27.969574,-15.585346,Spain,2022-04-12
Fringilla polatzeki,27.951714,-15.65189,Spain,2022-04-15
Fringilla polatzeki,27.966116,-15.584664,Spain,2022-04-16
Fringilla polatzeki,27.96567,-15.595093,Spain,2022-04-20
Fringilla polatzeki,27.934084,-15.553516,Spain,2022-05-02T10:42
Fringilla polatzeki,27.966116,-15.584664,Spain,2022-05-02
Fringilla polatzeki,27.966116,-15.584664,Spain,2022-05-02
Fringilla polatzeki,27.96105,-15.589514,Spain,2022-05-07
Fringilla polatzeki,27.96567,-15.595093,Spain,2022-05-08
Fringilla polatzeki,27.98782,-15.569436,Spain,2022-05-19
Fringilla polatzeki,27.987608,-15.578039,Spain,2022-05-19
Fringilla polatzeki,27.966116,-15.584664,Spain,2022-05-26
Fringilla polatzeki,27.966116,-15.584664,Spain,2022-05-26
Fringilla polatzeki,27.966116,-15.584664,Spain,2022-05-26
Fringilla polatzeki,27.966116,-15.584664,Spain,2022-05-26
Fringilla polatzeki,27.96567,-15.595093,Spain,2022-06-06
Fringilla polatzeki,27.944025,-15.694351,Spain,2022-06-24
Fringilla polatzeki,27.951433,-15.690825,Spain,2022-06-25
Fringilla polatzeki,27.966116,-15.584664,Spain,2022-06-26
Fringilla polatzeki,27.951433,-15.690825,Spain,2022-06-26
Fringilla polatzeki,27.966116,-15.584664,Spain,2022-07-09
Fringilla polatzeki,27.96105,-15.589514,Spain,2022-07-12
Fringilla polatzeki,27.96105,-15.589514,Spain,2022-07-16
Fringilla polatzeki,27.96105,-15.589514,Spain,2022-07-16
Fringilla polatzeki,27.966116,-15.584664,Spain,2022-07-17
Fringilla polatzeki,27.96105,-15.589514,Spain,2022-07-12
Fringilla polatzeki,27.966116,-15.584664,Spain,2022-09-09
Fringilla polatzeki,27.966116,-15.584664,Spain,2022-09-09
Fringilla polatzeki,27.966116,-15.584664,Spain,2022-09-12
Fringilla polatzeki,27.966116,-15.584664,Spain,2022-09-12
Fringilla polatzeki,27.962854,-15.58961,Spain,2022-09-13
Fringilla polatzeki,27.962854,-15.58961,Spain,2022-09-13
Fringilla polatzeki,27.923182,-15.688748,Spain,2022-09-19
Fringilla polatzeki,27.966116,-15.584664,Spain,2022-10-14
Fringilla polatzeki,27.944149,-15.673431,Spain,2022-10-15
Fringilla polatzeki,27.949175,-15.654527,Spain,2022-10-15
Fringilla polatzeki,27.96105,-15.589514,Spain,2022-10-28
Fringilla polatzeki,27.966116,-15.584664,Spain,2022-11-04
Fringilla polatzeki,27.969975,-15.584659,Spain,2022-11-03
Fringilla polatzeki,27.946453,-15.662412,Spain,2022-12-01
Fringilla polatzeki,27.951714,-15.65189,Spain,2022-12-07
Fringilla polatzeki,27.970346,-15.612688,Spain,2022-12-07
Fringilla polatzeki,27.966116,-15.584664,Spain,2022-12-20
Fringilla polatzeki,27.966116,-15.584664,Spain,2022-12-20
Fringilla polatzeki,27.966116,-15.584664,Spain,2021-01-17
Fringilla polatzeki,27.966116,-15.584664,Spain,2021-01-17
Fringilla polatzeki,27.964811,-15.592865,Spain,2021-01-17
Fringilla polatzeki,27.96105,-15.589514,Spain,2021-01-27
Fringilla polatzeki,27.96105,-15.589514,Spain,2021-02-08
Fringilla polatzeki,27.96105,-15.589514,Spain,2021-02-08
Fringilla polatzeki,27.96105,-15.589514,Spain,2021-02-08
Fringilla polatzeki,27.966116,-15.584664,Spain,2021-03-27
Fringilla polatzeki,27.96567,-15.595093,Spain,2021-05-06
Fringilla polatzeki,27.966116,-15.584664,Spain,2021-05-08
Fringilla polatzeki,27.966116,-15.584664,Spain,2021-05-08
Fringilla polatzeki,27.966116,-15.584664,Spain,2021-05-13
Fringilla polatzeki,27.966116,-15.584664,Spain,2021-05-13
Fringilla polatzeki,27.96567,-15.595093,Spain,2021-06-07
Fringilla polatzeki,27.944025,-15.694351,Spain,2021-07-16
Fringilla polatzeki,27.96105,-15.589514,Spain,2021-07-24
Fringilla polatzeki,27.966116,-15.584664,Spain,2021-07-31
Fringilla polatzeki,27.970346,-15.612688,Spain,2021-07-31
Fringilla polatzeki,27.944025,-15.694351,Spain,2021-08-01
Fringilla polatzeki,27.944025,-15.694351,Spain,2021-08-06
Fringilla polatzeki,27.96105,-15.589514,Spain,2021-08-07
Fringilla polatzeki,27.966116,-15.584664,Spain,2021-08-02
Fringilla polatzeki,27.96567,-15.595093,Spain,2021-08-21
Fringilla polatzeki,27.966116,-15.584664,Spain,2021-09-01
Fringilla polatzeki,27.966116,-15.584664,Spain,2021-09-18
Fringilla polatzeki,27.966116,-15.584664,Spain,2021-09-20
Fringilla polatzeki,27.96105,-15.589514,Spain,2021-09-25
Fringilla polatzeki,27.966116,-15.584664,Spain,2021-09-22
Fringilla polatzeki,27.948631,-15.661071,Spain,2021-10-27
Fringilla polatzeki,27.954443,-15.648081,Spain,2021-10-27
Fringilla polatzeki,27.951714,-15.65189,Spain,2021-11-16
Fringilla polatzeki,27.966116,-15.584664,Spain,2021-11-21
Fringilla polatzeki,27.966116,-15.584664,Spain,2021-11-21
Fringilla polatzeki,27.96105,-15.589514,Spain,2021-11-21
Fringilla polatzeki,27.966116,-15.584664,Spain,2021-11-21
Fringilla polatzeki,27.966492,-15.583526,Spain,2021-11-23
Fringilla polatzeki,27.966116,-15.584664,Spain,2021-12-05
Fringilla polatzeki,27.96105,-15.589514,Spain,2021-12-22
Fringilla polatzeki,27.951714,-15.65189,Spain,2021-12-22
Fringilla teydea,28.294214,-16.584732,Spain,2025-01-04T11:35Z
Fringilla teydea,28.385943,-16.487658,Spain,2025-01-04T11:36Z
Fringilla teydea,28.398387,-16.549983,Spain,2025-01-04T11:37Z
Fringilla teydea,28.397088,-16.507368,Spain,2025-01-22T11:55Z
Fringilla teydea,28.356671,-16.514998,Spain,2025-01-24T10:21:25Z
Fringilla teydea,28.368418,-16.562212,Spain,2025-01-24T10:19Z
Fringilla teydea,28.337154,-16.569692,Spain,2025-01-24T10:20Z
Fringilla teydea,28.375479,-16.59676,Spain,2025-01-24T12:32Z
Fringilla teydea,28.21521,-16.517021,Spain,2025-01-24T12:37Z
Fringilla teydea,28.353027,-16.473519,Spain,2025-01-24T11:29Z
Fringilla teydea,28.234039,-16.401213,Spain,2025-01-24T13:34Z
Fringilla teydea,28.386649,-16.743583,Spain,2025-01-25T13:36Z
Fringilla teydea,28.28714,-16.752153,Spain,2025-01-25T14:04Z
Fringilla teydea,28.253546,-16.734022,Spain,2025-01-25T14:59Z
Fringilla teydea,28.464322,-16.376344,Spain,2025-01-24T08:10Z
Fringilla teydea,28.281031,-16.836381,Spain,2025-01-31T14:39Z
Fringilla teydea,28.074027,-16.722782,Spain,2025-01-25T17:50Z
Fringilla teydea,28.13213,-16.755672,Spain,2025-01-28T14:57Z
Fringilla teydea,28.462199,-16.335254,Spain,2025-02-02T13:06Z
Fringilla teydea,28.341953,-16.7116,Spain,2025-02-10T17:25:12Z
Fringilla teydea,28.349816,-16.409417,Spain,2025-02-16T10:40:55Z
Fringilla teydea,28.107305,-16.718397,Spain,2025-02-19T16:18:51Z
Fringilla teydea,28.163498,-16.776165,Spain,2025-02-19T16:39:37Z
Fringilla teydea,28.280712,-16.675032,Spain,2025-02-18T02:13Z
Fringilla teydea,28.11568,-16.642441,Spain,2025-02-23T22:34:56Z
Fringilla teydea,28.110118,-16.668161,Spain,2025-02-01T17:14:58Z
Fringilla teydea,28.073054,-16.608566,Spain,2025-02-20T17:00Z
Fringilla teydea,28.423372,-16.379864,Spain,2025-02-11T00:00
Fringilla teydea,28.265451,-16.481317,Spain,2025-03-11T11:38:06Z
Fringilla teydea,28.152029,-16.626623,Spain,2025-03-10T11:19Z
Fringilla teydea,28.255285,-16.470028,Spain,2025-03-24T13:48:39Z
Fringilla teydea,28.277138,-16.510369,Spain,2025-03-24T12:03Z
Fringilla teydea,28.362899,-16.570902,Spain,2025-03-27T11:27Z
Fringilla teydea,28.36543,-16.446275,Spain,2025-03-27T11:29Z
Fringilla teydea,28.262177,-16.534585,Spain,2025-03-27T11:45Z
Fringilla teydea,28.020863,-16.752143,Spain,2025-04-05T13:20:45
Fringilla teydea,28.31799,-16.684062,Spain,2025-04-16T09:53:20
Fringilla teydea,28.3884,-16.597132,Spain,2025-04-10T11:03
Fringilla teydea,28.232498,-16.462583,Spain,2025-04-10T11:37
Fringilla teydea,28.398323,-16.579799,Spain,2025-04-10T11:48
Fringilla teydea,28.377353,-16.493635,Spain,2025-04-20T11:04
Fringilla teydea,28.47027,-16.255732,Spain,2025-04-28T18:59:30
Fringilla teydea,28.378463,-16.581899,Spain,2025-04-30T10:41:26
Fringilla teydea,28.248829,-16.553985,Spain,2025-04-25T12:15
Fringilla teydea,28.24989,-16.555326,Spain,2025-04-22T15:14:55
Fringilla teydea,28.431381,-16.226022,Spain,2025-04-28T19:01:41
Fringilla teydea,28.367928,-16.691771,Spain,2025-04-30T10:36:49
Fringilla teydea,28.296404,-16.581152,Spain,2025-05-05T13:02:11
Fringilla teydea,28.427581,-16.460682,Spain,2025-05-05T18:34:36
Fringilla teydea,28.487609,-16.335778,Spain,2025-05-09T11:06:55
Fringilla teydea,28.409067,-16.340513,Spain,2025-05-09T10:07:52
Fringilla teydea,28.537749,-16.239095,Spain,2025-05-09T10:40
Fringilla teydea,28.44111,-16.339897,Spain,2025-05-05T13:07
Fringilla teydea,28.272223,-16.523244,Spain,2025-05-10T12:24
Fringilla teydea,28.281694,-16.415364,Spain,2025-05-14T12:29:32
Fringilla teydea,28.335516,-16.543959,Spain,2025-05-25T18:20
Fringilla teydea,28.259258,-16.698374,Spain,2025-06-05T11:50:27
Fringilla teydea,28.551813,-16.443208,Spain,2025-06-08T06:42
Fringilla teydea,28.343159,-16.616131,Spain,2025-06-05T11:49
Fringilla teydea,28.288482,-16.709874,Spain,2025-06-05T11:49
Fringilla teydea,28.368924,-16.647427,Spain,2025-06-05T11:49
Fringilla teydea,28.293329,-16.494532,Spain,2024-01-03T15:52:41Z
Fringilla teydea,28.22173,-16.686775,Spain,2024-01-05T16:23:48Z
Fringilla teydea,28.347728,-16.634205,Spain,2024-01-05T14:50Z
Fringilla teydea,28.206324,-16.553289,Spain,2024-01-22T18:34:29Z
Fringilla teydea,28.31336,-16.621731,Spain,2024-01-05T14:49Z
Fringilla teydea,28.123343,-16.746124,Spain,2024-02-09T16:49:13Z
Fringilla teydea,28.3298,-16.5317,Spain,2024-02-14
Fringilla teydea,28.3298,-16.5317,Spain,2024-02-14
Fringilla teydea,28.373774,-16.463772,Spain,2024-02-28T00:00
Fringilla teydea,28.295464,-16.565796,Spain,2024-02-26T00:00
Fringilla teydea,28.306025,-16.564775,Spain,2024-02-27T00:00
Fringilla teydea,28.266962,-16.747192,Spain,2024-02-26T00:00
Fringilla teydea,28.329557,-16.532602,Spain,2024-02-27T00:00
Fringilla teydea,28.393385,-16.435144,Spain,2024-02-28T00:00
Fringilla teydea,28.253169,-16.714218,Spain,2024-03-21T10:05Z
Fringilla teydea,28.182883,-16.670597,Spain,2024-03-21T15:28Z
Fringilla teydea,28.066384,-16.653291,Spain,2024-03-21T15:27Z
Fringilla teydea,28.07125,-16.750974,Spain,2024-03-25T11:11:25Z
Fringilla teydea,28.35205,-16.719441,Spain,2024-03-29T12:59:05Z
Fringilla teydea,28.367806,-16.432588,Spain,2024-03-27T20:13Z
Fringilla teydea,28.342029,-16.788851,Spain,2024-03-29T10:12:34Z
Fringilla teydea,28.388878,-16.51982,Spain,2024-03-15T11:55Z
Fringilla teydea,28.329557,-16.532602,Spain,2024-03-01T00:00
Fringilla teydea,28.191422,-16.668663,Spain,2024-03-06T00:00
Fringilla teydea,28.501328,-16.320298,Spain,2024-04-17T14:49:45
Fringilla teydea,28.325454,-16.553309,Spain,2024-04-20T14:09:16
Fringilla teydea,28.394525,-16.484445,Spain,2024-04-21T11:00:01
Fringilla teydea,28.336025,-16.765615,Spain,2024-04-21T11:09:11
Fringilla teydea,28.556641,-16.370283,Spain,2024-04-26T10:48:04
Fringilla teydea,28.280478,-16.423154,Spain,2024-04-27T15:01
Fringilla teydea,28.211558,-16.597968,Spain,2024-04-27T17:21
Fringilla teydea,28.334316,-16.578359,Spain,2024-05-01T13:00
Fringilla teydea,28.19404,-16.704798,Spain,2024-05-08T18:19:49
Fringilla teydea,28.244963,-16.504102,Spain,2024-05-16T10:58
Fringilla teydea,28.07798,-16.697832,Spain,2024-05-26T15:26:37
Fringilla teydea,28.352867,-16.408559,Spain,2024-05-29T12:18:33
Fringilla teydea,28.216059,-16.506712,Spain,2024-05-29T12:23:10
Fringilla teydea,28.267532,-16.565372,Spain,2024-05-29T13:38:02
Fringilla teydea,28.26528,-16.478447,Spain,2024-05-28T10:58:49
Fringilla teydea,28.371984,-16.529609,Spain,2024-05-29T13:02:10
Fringilla teydea,28.297447,-16.581635,Spain,2024-06-01T18:16:39
Fringilla teydea,28.368039,-16.48607,Spain,2024-06-05T11:48:02
Fringilla teydea,28.23455,-16.605135,Spain,2024-06-06T11:58:24
Fringilla teydea,28.307464,-16.522713,Spain,2024-07-26T08:58
Fringilla teydea,28.232594,-16.694789,Spain,2024-07-09T10:51
Fringilla teydea,28.32056,-16.661857,Spain,2024-07-09T10:51
Fringilla teydea,28.123896,-16.680669,Spain,2024-07-16T10:44
Fringilla teydea,28.187075,-16.627986,Spain,2024-07-16T10:46
Fringilla teydea,28.062967,-16.790835,Spain,2024-07-16T10:48
Fringilla teydea,28.033572,-16.701931,Spain,2024-07-16T10:48
Fringilla teydea,28.140716,-16.735714,Spain,2024-07-16T10:49
Fringilla teydea,28.142458,-16.677158,Spain,2024-07-16T10:50
Fringilla teydea,28.002365,-16.798205,Spain,2024-07-16T10:51
Fringilla teydea,28.199715,-16.633694,Spain,2024-07-16T10:53
Fringilla teydea,28.165205,-16.664704,Spain,2024-07-16T11:12
Fringilla teydea,28.433495,-16.370966,Spain,2024-07-09T12:36
Fringilla teydea,28.318029,-16.548276,Spain,2024-09-20T15:10:40
Fringilla teydea,28.3479,-16.5324,Spain,2024-09-20
Fringilla teydea,28.3479,-16.5324,Spain,2024-09-20
Fringilla teydea,28.1906,-16.6662,Spain,2024-09-25
Fringilla teydea,28.089641,-16.718517,Spain,2024-10-19T17:08:26
Fringilla teydea,28.295697,-16.584587,Spain,2024-10-15T15:49
Fringilla teydea,28.218489,-16.461123,Spain,2024-10-15T16:01
Fringilla teydea,28.369415,-16.421795,Spain,2024-11-19T12:42:30Z
Fringilla teydea,28.3057,-16.5649,Spain,2024-11-27
Fringilla teydea,28.3057,-16.5649,Spain,2024-11-27
Fringilla teydea,28.1892,-16.6654,Spain,2024-11-30
Fringilla teydea,28.304468,-16.566231,Spain,2024-11-09T00:00
Fringilla teydea,28.329557,-16.532602,Spain,2024-11-09T00:00
Fringilla teydea,28.273489,-16.482136,Spain,2024-12-02T13:10Z
Fringilla teydea,28.080443,-16.761575,Spain,2024-12-04T15:52Z
Fringilla teydea,28.341609,-16.417617,Spain,2024-12-04T11:23Z
Fringilla teydea,28.192551,-16.784555,Spain,2024-12-04T16:03Z
Fringilla teydea,28.142764,-16.682412,Spain,2024-12-04T16:05Z
Fringilla teydea,28.490373,-16.400294,Spain,2024-12-19T15:37Z
Fringilla teydea,28.331231,-16.529611,Spain,2024-12-27T14:43Z
Fringilla teydea,28.319251,-16.477884,Spain,2024-12-27T16:49Z
Fringilla teydea,28.083414,-16.658856,Spain,2024-12-04T15:56Z
Fringilla teydea,28.226366,-16.410605,Spain,2023-01-14T17:59Z
Fringilla teydea,28.328638,-16.654365,Spain,2023-01-26T12:23Z
Fringilla teydea,28.253156,-16.664172,Spain,2023-01-26T13:11Z
Fringilla teydea,28.206855,-16.726023,Spain,2023-01-26T13:33Z
Fringilla teydea,28.371052,-16.49411,Spain,2023-01-15T10:28:08Z
Fringilla teydea,28.329643,-16.53273,Spain,2023-01-03
Fringilla teydea,28.329643,-16.53273,Spain,2023-01-04
Fringilla teydea,28.329643,-16.53273,Spain,2023-01-04
Fringilla teydea,28.190191,-16.665777,Spain,2023-01-08
Fringilla teydea,28.423386,-16.379887,Spain,2023-01-07
Fringilla teydea,28.214346,-16.635792,Spain,2023-01-15
Fringilla teydea,28.329643,-16.53273,Spain,2023-01-11
Fringilla teydea,28.329643,-16.53273,Spain,2023-01-17
Fringilla teydea,28.18951,-16.664484,Spain,2023-01-18
Fringilla teydea,28.155806,-16.637995,Spain,2023-01-18
Fringilla teydea,28.190191,-16.665777,Spain,2023-01-19
Fringilla teydea,28.155806,-16.637995,Spain,2023-01-19
Fringilla teydea,28.155806,-16.637995,Spain,2023-01-19
Fringilla teydea,28.155806,-16.637995,Spain,2023-01-18
Fringilla teydea,28.190191,-16.665777,Spain,2023-01-19
Fringilla teydea,28.190191,-16.665777,Spain,2023-01-19
Fringilla teydea,28.189589,-16.604729,Spain,2023-01-12
Fringilla teydea,28.190191,-16.665777,Spain,2023-01-13
Fringilla teydea,28.190191,-16.665777,Spain,2023-01-23
Fringilla teydea,28.190191,-16.665777,Spain,2023-01-23
Fringilla teydea,28.190191,-16.665777,Spain,2023-01-24
Fringilla teydea,28.29529,-16.75746,Spain,2023-01-24
Fringilla teydea,28.190697,-16.665648,Spain,2023-01-24
Fringilla teydea,28.316326,-16.574028,Spain,2023-01-24
Fringilla teydea,28.30488,-16.56657,Spain,2023-01-26
Fringilla teydea,28.190191,-16.665777,Spain,2023-01-23
Fringilla teydea,28.190191,-16.665777,Spain,2023-01-28
Fringilla teydea,28.329643,-16.53273,Spain,2023-01-13
Fringilla teydea,28.30488,-16.56657,Spain,2023-01-28
Fringilla teydea,28.329643,-16.53273,Spain,2023-01-28
Fringilla teydea,28.329643,-16.53273,Spain,2023-01-28
Fringilla teydea,28.423386,-16.379887,Spain,2023-01-29
Fringilla teydea,28.294386,-16.759296,Spain,2023-01-29
Fringilla teydea,28.423386,-16.379887,Spain,2023-01-07
Fringilla teydea,28.298534,-16.754255,Spain,2023-01-19
Fringilla teydea,28.323594,-16.510318,Spain,2023-02-01T09:52:37Z
Fringilla teydea,28.157397,-16.682852,Spain,2023-02-17T13:54:16Z
Fringilla teydea,28.552566,-16.384111,Spain,2023-02-26T18:43:11Z
Fringilla teydea,28.458767,-16.369359,Spain,2023-02-26T18:42:52Z
Fringilla teydea,28.1906,-16.6662,Spain,2023-02-20
Fringilla teydea,28.423386,-16.379887,Spain,2023-02-02
Fringilla teydea,28.190191,-16.665777,Spain,2023-02-03
Fringilla teydea,28.329643,-16.53273,Spain,2023-02-03
Fringilla teydea,28.34485,-16.482157,Spain,2023-02-04
Fringilla teydea,28.34485,-16.482157,Spain,2023-02-04
Fringilla teydea,28.28654,-16.759615,Spain,2023-02-06
Fringilla teydea,28.419706,-16.37705,Spain,2023-02-06
Fringilla teydea,28.273762,-16.76827,Spain,2023-02-08
Fringilla teydea,28.284815,-16.763945,Spain,2023-02-08
Fringilla teydea,28.286022,-16.758339,Spain,2023-02-08
Fringilla teydea,28.190191,-16.665777,Spain,2023-02-09
Fringilla teydea,28.190191,-16.665777,Spain,2023-02-09
Fringilla teydea,28.190191,-16.665777,Spain,2023-02-10
Fringilla teydea,28.190191,-16.665777,Spain,2023-02-13
Fringilla teydea,28.190191,-16.665777,Spain,2023-02-14
Fringilla teydea,28.190191,-16.665777,Spain,2023-02-14
Columba bollii,28.540645,-16.286245,Spain,2025-01-03T16:22:52Z
Columba bollii,28.528947,-16.30258,Spain,2025-01-06T15:11:24Z
Columba bollii,28.538283,-16.31013,Spain,2025-01-18T15:29:07Z
Columba bollii,28.606861,-17.786873,Spain,2025-01-15T18:10Z
Columba bollii,28.526653,-16.283807,Spain,2025-01-27T13:25Z
Columba bollii,28.554796,-16.264403,Spain,2025-01-26T12:19Z
Columba bollii,28.555226,-16.263054,Spain,2025-01-26T14:35Z
Columba bollii,28.127541,-17.258264,Spain,2025-01-28T12:10Z
Columba bollii,28.335667,-16.807469,Spain,2025-01-13T15:56Z
Columba bollii,28.358661,-16.786299,Spain,2025-01-10
Columba bollii,28.329459,-16.807272,Spain,2025-01-12
Columba bollii,28.328811,-16.806704,Spain,2025-01-12
Columba bollii,28.817396,-17.904893,Spain,2025-01-19
Columba bollii,28.329429,-16.810151,Spain,2025-01-22
Columba bollii,28.328295,-16.80717,Spain,2025-01-29
Columba bollii,28.827994,-17.903911,Spain,2025-02-11T19:17:46Z
Columba bollii,28.799387,-17.773375,Spain,2025-02-24T14:03Z
Columba bollii,28.328273,-16.807154,Spain,2025-02-02
Columba bollii,28.328672,-16.807894,Spain,2025-02-06
Columba bollii,28.357677,-16.787601,Spain,2025-02-03
Columba bollii,28.126154,-17.257862,Spain,2025-02-02
Columba bollii,28.329537,-16.809723,Spain,2025-02-09
Columba bollii,28.329598,-16.810061,Spain,2025-02-19
Columba bollii,28.328039,-16.806198,Spain,2025-02-23
Columba bollii,28.357593,-16.787969,Spain,2025-02-23
Columba bollii,28.175184,-17.250721,Spain,2025-02-27
Columba bollii,28.126539,-17.257658,Spain,2025-02-26
Columba bollii,28.762765,-17.77475,Spain,2025-03-09T13:23:52Z
Columba bollii,28.357662,-16.532817,Spain,2025-03-10T08:19:45Z
Columba bollii,28.357703,-16.532745,Spain,2025-03-10T08:37:07Z
Columba bollii,28.524109,-16.283846,Spain,2025-03-12T09:32Z
Columba bollii,28.32272,-16.816375,Spain,2025-03-20T18:49:42Z
Columba bollii,28.327941,-16.807225,Spain,2025-03-09T11:33Z
Columba bollii,28.317585,-16.807341,Spain,2025-03-09T17:55Z
Columba bollii,28.31707,-16.809932,Spain,2025-03-09T18:11Z
Columba bollii,28.766285,-17.771748,Spain,2025-03-14T10:46Z
Columba bollii,28.555457,-16.220661,Spain,2025-03-03
Columba bollii,28.763283,-17.777031,Spain,2025-03-09
Columba bollii,28.762494,-17.77883,Spain,2025-03-09
Columba bollii,28.766807,-17.769855,Spain,2025-03-09
Columba bollii,28.329336,-16.810122,Spain,2025-03-02
Columba bollii,28.32933,-16.810091,Spain,2025-03-02
Columba bollii,28.325951,-16.809361,Spain,2025-03-02
Columba bollii,28.329538,-16.810141,Spain,2025-03-18
Columba bollii,28.329311,-16.81015,Spain,2025-03-20
Columba bollii,28.329734,-16.811933,Spain,2025-03-20
Columba bollii,28.329838,-16.809171,Spain,2025-03-20
Columba bollii,28.32526,-16.813404,Spain,2025-03-23
Columba bollii,28.327971,-16.809111,Spain,2025-03-29
Columba bollii,28.327669,-16.808517,Spain,2025-03-31
Columba bollii,28.325781,-16.808781,Spain,2025-03-31
Columba bollii,28.314655,-16.813734,Spain,2025-04-11T11:08:36
Columba bollii,28.35805,-16.786995,Spain,2025-04-14T11:02:43
Columba bollii,28.331107,-16.823984,Spain,2025-04-16T12:07:17
Columba bollii,28.141661,-17.23776,Spain,2025-04-18T16:35:49
Columba bollii,28.797623,-17.788626,Spain,2025-04-08
Columba bollii,28.32937,-16.810122,Spain,2025-04-15
Columba bollii,28.125906,-17.258825,Spain,2025-04-18
Columba bollii,28.324607,-16.811262,Spain,2025-04-23
Columba bollii,28.360512,-16.780067,Spain,2025-04-25
Columba bollii,28.550267,-16.230136,Spain,2025-05-03
Columba bollii,28.550073,-16.230545,Spain,2025-05-03
Columba bollii,28.523972,-16.291825,Spain,2025-05-03
Columba bollii,28.550512,-16.23012,Spain,2025-05-03
Columba bollii,28.550581,-16.230186,Spain,2025-05-03
Columba bollii,28.549984,-16.23052,Spain,2025-05-03
Columba bollii,28.55048,-16.230082,Spain,2025-05-03
Columba bollii,28.523972,-16.291825,Spain,2025-05-03
Columba bollii,28.352266,-16.814443,Spain,2025-05-13
Columba bollii,28.328664,-16.807782,Spain,2025-05-16
Columba bollii,28.329337,-16.810091,Spain,2025-05-16
Columba bollii,28.329485,-16.809912,Spain,2025-05-06
Columba bollii,28.329149,-16.808958,Spain,2025-05-22
Columba bollii,28.329405,-16.810049,Spain,2025-05-24
Columba bollii,28.329286,-16.810218,Spain,2025-05-24
Columba bollii,28.32852,-16.808485,Spain,2025-05-24
Columba bollii,28.329336,-16.810141,Spain,2025-05-24
Columba bollii,28.328293,-16.807178,Spain,2025-05-24
Columba bollii,28.329346,-16.810101,Spain,2025-05-29
Columba bollii,28.328396,-16.807095,Spain,2025-05-29
Columba bollii,28.329717,-16.809522,Spain,2025-05-01
Columba bollii,28.330107,-16.809356,Spain,2025-05-01
Columba bollii,28.79611,-17.790304,Spain,2025-06-02
Columba bollii,28.791771,-17.801479,Spain,2025-06-02
Columba bollii,28.138969,-17.223866,Spain,2025-06-15
Columba bollii,28.537997,-16.308403,Spain,2024-01-06T13:55:05Z
Columba bollii,27.736064,-18.085944,Spain,2024-01-12T15:23Z
Columba bollii,28.126501,-17.256495,Spain,2024-01-31T16:23Z
Columba bollii,28.766911,-17.769926,Spain,2024-01-15T06:14Z
Columba bollii,28.135128,-17.219305,Spain,2024-01-02
Columba bollii,28.131638,-17.213867,Spain,2024-01-02
Columba bollii,28.137146,-17.214984,Spain,2024-01-30
Columba bollii,28.136535,-17.215135,Spain,2024-01-31
Columba bollii,28.329439,-16.810099,Spain,2024-01-31
Columba bollii,28.32955,-16.809848,Spain,2024-01-31
Columba bollii,28.329395,-16.810093,Spain,2024-01-31
Columba bollii,28.122928,-17.215463,Spain,2024-01-15
Columba bollii,28.329363,-16.810053,Spain,2024-01-31
Columba bollii,28.366309,-16.817878,Spain,2024-02-12T14:20:27Z
Columba bollii,28.126692,-17.257391,Spain,2024-02-01
Columba bollii,28.126688,-17.257643,Spain,2024-02-01
Columba bollii,28.557423,-16.172342,Spain,2024-02-11
Columba bollii,28.330498,-16.810349,Spain,2024-02-23
Columba bollii,28.191374,-17.287222,Spain,2024-02-12
Columba bollii,28.174459,-17.291029,Spain,2024-02-12
Columba bollii,28.15531,-17.274164,Spain,2024-02-10
Columba bollii,28.124023,-17.222965,Spain,2024-02-09
Columba bollii,28.32,-16.82,Spain,2024-02-20
Columba bollii,28.163078,-17.299508,Spain,2024-02-25
Columba bollii,28.330261,-16.810337,Spain,2024-02-26
Columba bollii,28.792923,-17.795484,Spain,2024-03-19T18:01Z
Columba bollii,28.384584,-16.624846,Spain,2024-03-04
Columba bollii,28.330664,-16.810259,Spain,2024-03-08
Columba bollii,28.329409,-16.810085,Spain,2024-03-08
Columba bollii,28.552683,-16.27755,Spain,2024-03-07
Columba bollii,28.569946,-16.163738,Spain,2024-03-11
Columba bollii,28.570234,-16.166279,Spain,2024-03-11
Columba bollii,28.327129,-16.812466,Spain,2024-03-16
Columba bollii,28.323692,-16.815857,Spain,2024-03-20
Columba bollii,28.123552,-17.215876,Spain,2024-03-21
Columba bollii,28.53137,-16.28031,Spain,2024-03-24
Columba bollii,28.539497,-16.274841,Spain,2024-03-24
Columba bollii,28.136657,-17.215383,Spain,2024-03-27
Columba bollii,28.153809,-17.236849,Spain,2024-03-28
Columba bollii,28.766947,-17.769758,Spain,2024-03-16T00:00
Columba bollii,28.530976,-16.283523,Spain,2024-04-02T10:36:21
Columba bollii,28.152489,-17.24755,Spain,2024-04-20T10:55:29
Columba bollii,28.825753,-17.823027,Spain,2024-04-22T11:01
Columba bollii,28.151922,-17.2523,Spain,2024-04-20T09:51:07
Columba bollii,28.793154,-17.794796,Spain,2024-04-10
Columba bollii,28.793396,-17.793589,Spain,2024-04-10
Columba bollii,28.797789,-17.787697,Spain,2024-04-10
Columba bollii,28.754509,-17.782961,Spain,2024-04-11
Columba bollii,28.140354,-17.286324,Spain,2024-04-06
Columba bollii,28.532841,-16.263878,Spain,2024-04-14
Columba bollii,28.532841,-16.263878,Spain,2024-04-14
Columba bollii,28.364745,-16.748797,Spain,2024-04-23
Columba bollii,28.328987,-16.809048,Spain,2024-04-24
Columba bollii,28.334453,-16.798439,Spain,2024-04-25
Columba bollii,28.356212,-16.7764,Spain,2024-04-28
Columba bollii,28.360255,-16.770443,Spain,2024-04-29
Columba bollii,28.328857,-16.80873,Spain,2024-05-02
Columba bollii,28.345157,-16.879731,Spain,2024-05-18
Columba bollii,28.532524,-16.263778,Spain,2024-05-24
Columba bollii,28.532913,-16.264052,Spain,2024-05-26
Columba bollii,28.329455,-16.810232,Spain,2024-06-01
Columba bollii,28.76697,-17.770842,Spain,2024-07-01T16:29
Columba bollii,28.766963,-17.77078,Spain,2024-07-01T16:33
Columba bollii,28.316443,-16.82217,Spain,2024-07-27T16:50
Columba bollii,28.766642,-17.77071,Spain,2024-07-05
Columba bollii,28.328409,-16.814575,Spain,2024-07-09
Columba bollii,28.329955,-16.809127,Spain,2024-08-25
Columba bollii,28.329316,-16.809265,Spain,2024-08-25
Columba bollii,28.329294,-16.809587,Spain,2024-08-25
Columba bollii,28.759727,-17.773417,Spain,2024-08-27
Columba bollii,28.329357,-16.810133,Spain,2024-09-15
Columba bollii,28.329401,-16.810104,Spain,2024-09-15
Columba bollii,28.329387,-16.810236,Spain,2024-09-15
Columba bollii,28.32934,-16.810114,Spain,2024-09-16
Columba bollii,28.32939,-16.810087,Spain,2024-09-16
Columba bollii,28.329458,-16.810158,Spain,2024-09-17
Columba bollii,28.316885,-16.769926,Spain,2024-09-19
Columba bollii,28.318499,-16.771561,Spain,2024-09-19
Columba bollii,28.136216,-17.215193,Spain,2024-10-29T09:44Z
Columba bollii,28.765574,-17.772018,Spain,2024-10-06
Columba bollii,28.764416,-17.771587,Spain,2024-10-06
Columba bollii,28.765732,-17.772032,Spain,2024-10-09
Columba bollii,28.613426,-17.835939,Spain,2024-10-10
Columba bollii,28.791542,-17.799446,Spain,2024-10-05
Columba bollii,28.794228,-17.792498,Spain,2024-10-05
Columba bollii,28.795094,-17.791399,Spain,2024-10-05
Columba bollii,28.76391,-17.776775,Spain,2024-11-10T16:35:06Z
Columba bollii,28.561757,-16.29068,Spain,2024-11-02
Columba bollii,28.562398,-16.290795,Spain,2024-11-03
Columba bollii,28.551354,-16.263269,Spain,2024-11-03
Columba bollii,28.53255,-16.263794,Spain,2024-11-04
Columba bollii,28.329357,-16.810152,Spain,2024-11-02
Columba bollii,28.32493,-16.849454,Spain,2024-11-07
Columba bollii,28.755169,-17.765579,Spain,2024-11-15
Columba bollii,28.13611,-17.214629,Spain,2024-11-19
Columba bollii,28.135925,-17.214617,Spain,2024-11-19
Columba bollii,28.529627,-16.290689,Spain,2024-11-10
Columba bollii,28.376524,-16.624863,Spain,2024-11-17
Columba bollii,28.530797,-16.284823,Spain,2024-12-01T14:26:27Z
Columba bollii,28.329389,-16.809938,Spain,2024-12-03T15:23Z
Columba bollii,28.528461,-16.065136,Spain,2024-12-08T13:12Z
Columba bollii,28.407984,-16.439237,Spain,2024-12-19T17:01Z
Columba bollii,28.335094,-16.845702,Spain,2024-12-30T14:23:40Z
Columba bollii,28.331089,-16.810171,Spain,2024-12-06
Columba bollii,28.328768,-16.807615,Spain,2024-12-06
Columba bollii,28.313429,-16.758543,Spain,2024-12-02
Columba bollii,28.75542,-17.780249,Spain,2024-12-16
Columba bollii,28.286749,-16.767497,Spain,2024-12-19
Columba bollii,28.329458,-16.810117,Spain,2024-12-25
Columba bollii,28.322482,-16.821961,Spain,2024-12-25
Columba bollii,28.329495,-16.810075,Spain,2024-12-25
Columba bollii,28.328767,-16.807548,Spain,2024-12-25
Columba bollii,28.336211,-16.5314,Spain,2024-12-26
Columba bollii,28.329391,-16.810015,Spain,2024-12-30
Columba bollii,28.329309,-16.810211,Spain,2024-12-31
Plecotus teneriffae,28.391112,-16.759244,Spain,2021-12-10T17:25
Plecotus teneriffae,28.259363,-16.770092,Spain,2021-12-10
Plecotus teneriffae,28.259411,-16.770046,Spain,2021-12-10
Plecotus teneriffae,28.259363,-16.770092,Spain,2021-12-10
Plecotus teneriffae,28.166749,-16.637518,Spain,2017-12-15
Plecotus teneriffae,28.167617,-16.637555,Spain,2010-11-17
Plecotus teneriffae,28.167617,-16.637555,Spain,2010-11-17
Plecotus teneriffae,28.43,-16.280001,Spain,2007
Plecotus teneriffae,28.33,-16.379999,Spain,2007
Plecotus teneriffae,28.42,-16.379999,Spain,2007
Plecotus teneriffae,28.24,-16.48,Spain,2007
Plecotus teneriffae,28.33,-16.48,Spain,2007
Plecotus teneriffae,28.42,-16.48,Spain,2007
Plecotus teneriffae,28.15,-16.58,Spain,2007
Plecotus teneriffae,28.24,-16.58,Spain,2007
Plecotus teneriffae,28.33,-16.58,Spain,2007
Plecotus teneriffae,28.42,-16.58,Spain,2007
Plecotus teneriffae,28.15,-16.68,Spain,2007
Plecotus teneriffae,28.24,-16.68,Spain,2007
Plecotus teneriffae,28.33,-16.68,Spain,2007
Plecotus teneriffae,28.42,-16.68,Spain,2007
Plecotus teneriffae,28.24,-16.780001,Spain,2007
Plecotus teneriffae,28.33,-16.790001,Spain,2007
Plecotus teneriffae,28.68,-17.709999,Spain,2007
Plecotus teneriffae,28.77,-17.709999,Spain,2007
Plecotus teneriffae,28.49,-17.809999,Spain,2007
Plecotus teneriffae,28.58,-17.809999,Spain,2007
Plecotus teneriffae,28.67,-17.809999,Spain,2007
Plecotus teneriffae,28.76,-17.82,Spain,2007
Plecotus teneriffae,27.77,-17.889999,Spain,2007
Plecotus teneriffae,28.58,-17.91,Spain,2007
Plecotus teneriffae,28.67,-17.92,Spain,2007
Plecotus teneriffae,27.68,-17.99,Spain,2007
Plecotus teneriffae,27.77,-17.99,Spain,2007
Plecotus teneriffae,28.053141,-16.71757,Spain,1978-01-08
Plecotus teneriffae,27.77,-18.11,Spain,NA
Plecotus teneriffae,27.68,-18.01,Spain,NA
Plecotus teneriffae,27.77,-18.01,Spain,NA
Plecotus teneriffae,27.68,-17.99,Spain,NA
Plecotus teneriffae,27.77,-17.99,Spain,NA
Plecotus teneriffae,27.77,-17.89,Spain,NA
Plecotus teneriffae,28.58,-17.91,Spain,NA
Plecotus teneriffae,28.67,-17.92,Spain,NA
Plecotus teneriffae,28.49,-17.81,Spain,NA
Plecotus teneriffae,28.58,-17.81,Spain,NA
Plecotus teneriffae,28.67,-17.81,Spain,NA
Plecotus teneriffae,28.76,-17.82,Spain,NA
Plecotus teneriffae,28.68,-17.71,Spain,NA
Plecotus teneriffae,28.77,-17.71,Spain,NA
Plecotus teneriffae,28.24,-16.78,Spain,NA
Plecotus teneriffae,28.33,-16.79,Spain,NA
Plecotus teneriffae,28.15,-16.68,Spain,NA
Plecotus teneriffae,28.24,-16.68,Spain,NA
Plecotus teneriffae,28.33,-16.68,Spain,NA
Plecotus teneriffae,28.42,-16.68,Spain,NA
Plecotus teneriffae,28.15,-16.58,Spain,NA
Plecotus teneriffae,28.24,-16.58,Spain,NA
Plecotus teneriffae,28.33,-16.58,Spain,NA
Plecotus teneriffae,28.42,-16.58,Spain,NA
Plecotus teneriffae,28.24,-16.48,Spain,NA
Plecotus teneriffae,28.33,-16.48,Spain,NA
Plecotus teneriffae,28.42,-16.48,Spain,NA
Plecotus teneriffae,28.33,-16.38,Spain,NA
Plecotus teneriffae,28.42,-16.38,Spain,NA
Plecotus teneriffae,28.43,-16.28,Spain,NA
Plecotus teneriffae,37.87,-6.03,Spain,NA
Plecotus teneriffae,42.77,-2.45,Spain,NA
Crocidura canariensis,29.049999,-13.41,Spain,2007
Crocidura canariensis,28.959999,-13.51,Spain,2007
Crocidura canariensis,29.059999,-13.51,Spain,2007
Crocidura canariensis,29.15,-13.51,Spain,2007
Crocidura canariensis,29.33,-13.51,Spain,2007
Crocidura canariensis,28.969999,-13.61,Spain,2007
Crocidura canariensis,29.059999,-13.61,Spain,2007
Crocidura canariensis,28.969999,-13.72,Spain,2007
Crocidura canariensis,29.059999,-13.72,Spain,2007
Crocidura canariensis,28.790001,-13.82,Spain,2007
Crocidura canariensis,28.879999,-13.82,Spain,2007
Crocidura canariensis,28.969999,-13.82,Spain,2007
Crocidura canariensis,28.25,-13.93,Spain,2007
Crocidura canariensis,28.34,-13.93,Spain,2007
Crocidura canariensis,28.43,-13.93,Spain,2007
Crocidura canariensis,28.52,-13.93,Spain,2007
Crocidura canariensis,28.610001,-13.93,Spain,2007
Crocidura canariensis,28.700001,-13.93,Spain,2007
Crocidura canariensis,28.25,-14.03,Spain,2007
Crocidura canariensis,28.34,-14.03,Spain,2007
Crocidura canariensis,28.43,-14.03,Spain,2007
Crocidura canariensis,28.52,-14.03,Spain,2007
Crocidura canariensis,28.610001,-14.03,Spain,2007
Crocidura canariensis,28.700001,-14.03,Spain,2007
Crocidura canariensis,28.25,-14.13,Spain,2007
Crocidura canariensis,28.34,-14.13,Spain,2007
Crocidura canariensis,28.43,-14.13,Spain,2007
Crocidura canariensis,28.16,-14.24,Spain,2007
Crocidura canariensis,28.07,-14.34,Spain,2007
Crocidura canariensis,28.07,-14.44,Spain,2007
Crocidura canariensis,28.1019,-14.3556,Spain,1992-07-02
